customer_id,signup_date,customer_age,customer_gender,state
CUST00544,2024-03-26,21,Other,MA
CUST00954,2022-01-27,56,Female,CA
CUST02898,2023-07-30,70,Other,WA
CUST02697,2022-01-27,23,Male,OH
CUST02413,2022-05-08,62,Male,FL
CUST02220,2023-07-22,52,Male,OH
CUST00112,2023-01-24,59,Male,CO
CUST00830,2023-03-02,58,Female,VA
CUST00119,2022-11-29,33,Other,FL
CUST01827,2022-09-29,46,Female,VA
CUST01904,2022-08-22,59,Female,OH
CUST00872,2024-01-12,35,Male,IL
CUST01145,2023-05-06,31,Female,CO
CUST02713,2023-12-12,18,Female,AZ
CUST00040,2024-04-05,37,Female,WA
CUST02754,2023-05-21,28,Other,PA
CUST00908,2024-05-04,28,Male,AZ
CUST02019,2022-06-11,29,Male,PA
CUST02703,2023-07-30,43,Female,VA
CUST02986,2022-04-10,49,Female,OH
CUST00213,2023-06-04,52,Other,WA
CUST01139,2022-04-16,55,Male,WA
CUST02825,2023-09-22,49,Other,CA
CUST02566,2024-03-05,63,Other,MA
CUST02538,2023-11-04,61,Other,AZ
CUST01811,2024-03-28,55,Female,MA
CUST00955,2022-11-16,62,Other,TX
CUST02119,2024-05-01,20,Other,GA
CUST01456,2024-04-20,55,Female,MI
CUST01275,2022-08-23,20,Other,TX
CUST00973,2023-12-02,70,Male,VA
CUST01915,2022-11-17,46,Male,WA
CUST00899,2022-12-12,23,Other,CA
CUST00028,2023-10-28,63,Female,IL
CUST00122,2024-03-05,37,Other,MI
CUST00722,2022-08-29,27,Other,CO
CUST01515,2022-04-11,55,Female,VA
CUST02182,2023-10-02,69,Male,WA
CUST01013,2023-05-11,22,Male,TX
CUST00686,2022-11-05,18,Other,PA
CUST01100,2024-01-31,38,Other,FL
CUST00644,2023-03-23,49,Female,NY
CUST02545,2022-12-07,18,Other,PA
CUST02644,2023-09-22,47,Female,PA
CUST01368,2023-07-19,50,Female,CA
CUST01070,2022-04-06,61,Other,TX
CUST00933,2023-11-17,47,Female,MA
CUST02859,2022-02-01,64,Female,IL
CUST01453,2023-01-31,48,Other,FL
CUST00630,2022-12-20,34,Female,MA
CUST01347,2023-10-03,63,Other,MA
CUST00844,2023-05-04,42,Other,CO
CUST00454,2022-04-13,64,Other,OH
CUST00651,2024-01-30,70,Female,AZ
CUST01012,2024-03-04,42,Other,MA
CUST02915,2022-09-12,26,Female,GA
CUST02700,2023-05-27,45,Female,OH
CUST00274,2022-05-04,60,Male,NY
CUST00676,2022-05-11,21,Male,CA
CUST00155,2023-02-13,23,Other,NC
CUST00575,2023-11-17,55,Other,NY
CUST00046,2022-06-09,56,Other,CO
CUST02626,2022-03-23,66,Other,TX
CUST00820,2023-12-12,22,Other,NC
CUST02966,2022-02-22,45,Male,MI
CUST00495,2022-08-04,56,Male,AZ
CUST02696,2022-04-27,67,Male,MA
CUST00703,2023-11-23,44,Male,CO
CUST02730,2022-12-22,42,Other,WA
CUST00087,2022-04-14,48,Other,PA
CUST01540,2024-03-22,51,Other,NC
CUST01700,2023-01-16,20,Other,CO
CUST02816,2022-03-22,24,Other,FL
CUST02599,2023-03-24,30,Female,PA
CUST00810,2022-08-29,62,Male,FL
CUST01632,2023-10-24,56,Other,NY
CUST02438,2023-01-19,51,Female,NY
CUST00560,2022-06-08,23,Female,CA
CUST01617,2023-10-14,61,Other,FL
CUST01046,2022-10-14,59,Male,CO
CUST00142,2023-04-15,61,Other,AZ
CUST00051,2022-04-05,67,Male,AZ
CUST02051,2022-04-24,51,Male,NY
CUST01102,2024-02-20,37,Male,VA
CUST01182,2023-04-07,69,Other,IL
CUST00761,2023-12-14,49,Male,TX
CUST01548,2023-09-27,21,Other,VA
CUST02386,2023-04-18,29,Other,VA
CUST01381,2023-05-26,64,Female,CA
CUST00235,2022-03-01,47,Other,NC
CUST02865,2022-11-06,47,Other,WA
CUST02596,2022-05-08,63,Female,FL
CUST02866,2023-05-10,36,Male,NY
CUST02757,2023-07-22,19,Other,IL
CUST00367,2023-05-08,49,Other,FL
CUST00505,2022-09-15,32,Other,CA
CUST02970,2023-01-07,48,Other,CO
CUST00476,2023-06-26,65,Male,MA
CUST01496,2023-01-25,59,Female,FL
CUST02048,2022-04-27,56,Other,PA
CUST02351,2022-07-05,47,Female,AZ
CUST02869,2024-04-06,21,Other,NC
CUST01602,2024-03-07,35,Female,FL
CUST02907,2022-05-25,62,Female,IL
CUST00038,2022-01-07,44,Male,CO
CUST00215,2022-07-23,64,Female,NC
CUST01240,2022-09-30,49,Female,VA
CUST00492,2022-10-06,54,Male,NC
CUST01573,2023-10-17,48,Other,VA
CUST02278,2023-11-04,54,Other,WA
CUST02273,2023-01-31,46,Other,TX
CUST00511,2024-04-29,55,Female,GA
CUST02188,2023-03-27,24,Female,CA
CUST00151,2024-02-04,36,Other,GA
CUST01045,2022-12-15,61,Other,PA
CUST02594,2022-12-06,20,Other,TX
CUST02473,2023-03-10,25,Male,IL
CUST00925,2022-07-24,34,Male,MI
CUST02006,2022-03-13,33,Male,AZ
CUST01414,2022-01-03,47,Female,CA
CUST02694,2022-10-13,68,Male,FL
CUST02895,2024-02-18,64,Female,GA
CUST02604,2022-12-14,61,Other,MA
CUST00236,2022-09-04,59,Other,NY
CUST02807,2022-06-18,24,Other,WA
CUST02709,2023-04-02,52,Other,GA
CUST02105,2023-08-11,42,Other,IL
CUST01226,2022-09-28,26,Female,NC
CUST02000,2022-07-05,55,Female,WA
CUST00037,2024-06-09,25,Male,CA
CUST01928,2022-04-09,70,Female,OH
CUST00573,2023-02-26,69,Female,PA
CUST00130,2022-10-02,63,Male,IL
CUST02974,2023-01-31,59,Male,FL
CUST02779,2022-05-09,57,Other,MA
CUST00625,2022-09-29,54,Female,CO
CUST00423,2023-08-16,52,Other,MA
CUST01747,2023-05-17,54,Female,CO
CUST01746,2024-05-03,36,Male,IL
CUST00168,2022-06-13,62,Other,GA
CUST01247,2022-11-11,32,Male,OH
CUST00976,2022-05-04,41,Male,NC
CUST00791,2023-05-02,70,Female,CO
CUST00180,2023-07-21,32,Male,CA
CUST02064,2022-02-26,21,Other,VA
CUST02028,2022-02-23,55,Other,CA
CUST00656,2023-03-18,49,Other,FL
CUST00212,2023-10-17,32,Male,TX
CUST02958,2022-09-28,60,Male,IL
CUST01049,2022-10-10,39,Female,TX
CUST00836,2024-02-28,40,Other,OH
CUST00774,2023-06-28,48,Female,AZ
CUST00056,2022-12-19,21,Female,OH
CUST01387,2023-03-02,22,Male,IL
CUST01096,2024-01-09,46,Male,CA
CUST00919,2024-03-10,44,Other,GA
CUST00695,2024-03-15,57,Male,NC
CUST02173,2024-02-12,68,Female,NY
CUST01512,2024-02-04,26,Male,VA
CUST00464,2022-09-08,33,Other,CO
CUST01696,2023-08-22,18,Male,WA
CUST02380,2024-05-05,59,Male,NY
CUST00548,2022-08-04,53,Male,NC
CUST00864,2023-05-13,41,Male,FL
CUST00435,2022-07-29,18,Other,NY
CUST01706,2023-09-27,20,Other,FL
CUST00456,2023-07-05,25,Male,VA
CUST01057,2023-02-21,50,Male,CO
CUST00868,2023-11-16,37,Female,AZ
CUST00224,2023-09-06,29,Other,NY
CUST00268,2023-11-19,70,Other,MA
CUST02310,2023-06-24,20,Other,CA
CUST02973,2022-03-17,61,Other,IL
CUST00154,2023-08-21,63,Male,VA
CUST02055,2023-08-31,57,Other,NC
CUST02798,2023-03-20,27,Female,IL
CUST00358,2024-05-06,28,Female,TX
CUST01806,2024-05-29,26,Other,CO
CUST02638,2022-12-26,68,Male,NY
CUST01894,2023-11-02,21,Male,MI
CUST00818,2022-08-25,45,Other,FL
CUST01925,2022-03-29,28,Female,VA
CUST00867,2022-12-11,18,Other,GA
CUST01720,2022-04-30,70,Male,FL
CUST01948,2024-06-07,33,Other,WA
CUST01327,2022-11-28,36,Female,AZ
CUST02133,2024-06-10,22,Male,NY
CUST01547,2023-01-27,59,Female,WA
CUST00725,2022-08-19,57,Male,NC
CUST00426,2023-09-27,40,Other,CO
CUST01622,2024-02-13,45,Other,IL
CUST00064,2022-05-08,67,Male,FL
CUST02640,2022-02-13,41,Other,TX
CUST00408,2022-02-28,67,Other,FL
CUST00106,2022-06-25,52,Other,TX
CUST02587,2022-10-20,49,Other,MA
CUST02701,2023-06-15,58,Female,CO
CUST00317,2023-03-18,32,Male,CA
CUST01538,2023-08-03,37,Male,MI
CUST02515,2023-06-23,26,Other,AZ
CUST01495,2023-07-01,57,Other,WA
CUST02901,2022-09-05,25,Other,MI
CUST01610,2024-03-05,52,Other,OH
CUST01306,2022-12-08,57,Female,PA
CUST02404,2023-05-08,41,Female,TX
CUST00882,2023-08-01,44,Other,VA
CUST00953,2023-08-16,38,Other,FL
CUST00509,2023-10-12,21,Female,NY
CUST01892,2022-04-28,25,Female,NY
CUST01233,2022-07-22,49,Male,OH
CUST01785,2022-05-09,51,Male,FL
CUST01308,2023-11-18,45,Male,WA
CUST00926,2024-05-09,33,Male,IL
CUST00871,2023-02-19,66,Female,GA
CUST01860,2023-02-16,63,Other,WA
CUST00282,2022-08-24,34,Female,MI
CUST01093,2022-09-15,40,Female,NY
CUST02081,2022-05-13,39,Female,PA
CUST01131,2023-07-21,60,Male,CA
CUST01091,2022-10-05,51,Female,MA
CUST02029,2022-06-09,19,Other,IL
CUST01251,2023-08-06,32,Male,CO
CUST01369,2022-01-15,65,Other,OH
CUST00449,2022-03-16,47,Male,VA
CUST02010,2022-02-01,68,Male,TX
CUST02720,2023-04-08,18,Female,OH
CUST01001,2023-12-26,49,Male,IL
CUST01841,2023-08-31,47,Male,PA
CUST02374,2023-07-01,36,Male,NC
CUST00603,2022-07-17,42,Male,CO
CUST00891,2022-07-06,68,Male,NC
CUST02726,2023-11-30,40,Male,MA
CUST01939,2022-12-04,29,Other,CA
CUST00571,2022-12-07,22,Female,MI
CUST00752,2024-02-08,42,Other,PA
CUST01890,2024-03-23,68,Other,NY
CUST02317,2022-01-19,57,Male,NC
CUST02662,2024-05-19,21,Male,TX
CUST02937,2023-04-14,26,Male,AZ
CUST02555,2024-03-08,61,Female,AZ
CUST01601,2023-12-04,27,Male,NY
CUST02528,2023-01-18,59,Female,MI
CUST00410,2022-03-24,67,Female,NY
CUST01161,2023-12-04,25,Other,PA
CUST02962,2023-02-17,62,Other,MA
CUST01442,2022-08-28,64,Male,OH
CUST01543,2022-06-29,30,Male,FL
CUST01654,2023-06-28,34,Other,MA
CUST00432,2023-06-20,26,Female,WA
CUST02485,2023-09-30,40,Female,VA
CUST01172,2024-02-22,55,Female,TX
CUST00576,2024-06-03,64,Male,WA
CUST02052,2022-10-18,48,Male,TX
CUST01222,2023-04-10,21,Female,MA
CUST00279,2022-01-22,38,Female,OH
CUST00455,2022-03-17,66,Female,AZ
CUST01351,2022-07-28,61,Female,MA
CUST01962,2022-08-18,59,Other,OH
CUST00227,2022-01-20,20,Other,TX
CUST02873,2023-04-10,20,Female,PA
CUST02411,2023-06-13,35,Male,CA
CUST02227,2023-10-30,21,Male,MA
CUST01307,2022-11-25,58,Other,GA
CUST00945,2024-02-05,39,Other,CO
CUST02044,2022-10-07,20,Male,NY
CUST01576,2022-09-14,19,Female,GA
CUST01378,2023-10-26,67,Female,GA
CUST00448,2024-02-09,33,Other,GA
CUST01150,2022-09-16,68,Male,FL
CUST01027,2022-09-07,62,Female,WA
CUST00152,2023-08-22,20,Female,WA
CUST00737,2023-04-12,54,Male,FL
CUST02076,2022-01-08,63,Other,VA
CUST02943,2022-02-21,20,Other,MI
CUST01704,2023-04-28,27,Female,CO
CUST00657,2022-03-13,47,Female,NC
CUST02382,2023-01-12,54,Male,GA
CUST00920,2023-10-30,37,Male,CA
CUST01299,2023-10-13,31,Male,MI
CUST00988,2023-10-26,47,Male,CO
CUST02333,2022-04-14,30,Other,CA
CUST00484,2024-06-18,67,Other,MA
CUST02110,2022-10-24,26,Female,TX
CUST02494,2023-10-10,42,Female,MI
CUST00552,2022-04-16,33,Male,MA
CUST00724,2022-11-14,30,Female,AZ
CUST01323,2023-04-11,52,Female,WA
CUST01167,2022-11-08,38,Other,AZ
CUST01142,2023-08-11,18,Female,TX
CUST02001,2024-06-09,32,Other,FL
CUST02894,2022-05-14,35,Male,FL
CUST02980,2024-04-25,21,Other,TX
CUST00158,2022-05-22,59,Other,MI
CUST00802,2023-05-12,61,Female,WA
CUST00878,2023-07-01,46,Female,AZ
CUST02392,2023-06-25,61,Other,IL
CUST01607,2023-05-24,31,Male,IL
CUST01741,2024-01-15,53,Other,NC
CUST01688,2023-07-04,24,Other,FL
CUST01604,2022-02-20,37,Male,AZ
CUST01679,2024-05-16,41,Female,WA
CUST01554,2022-08-26,25,Male,WA
CUST02941,2022-12-28,44,Other,CO
CUST00420,2022-05-03,23,Male,GA
CUST01642,2022-04-03,63,Male,OH
CUST01603,2024-02-02,23,Male,NY
CUST01931,2023-01-17,49,Male,MI
CUST01567,2022-06-11,44,Female,NY
CUST02307,2024-04-28,23,Male,OH
CUST00344,2022-10-13,46,Other,GA
CUST00150,2022-09-27,27,Female,NC
CUST00966,2023-10-05,49,Other,OH
CUST00498,2022-07-28,70,Female,FL
CUST01636,2023-03-28,65,Male,MA
CUST02806,2022-11-08,60,Other,MA
CUST02148,2024-03-05,34,Female,MA
CUST02203,2023-04-08,19,Other,WA
CUST01125,2023-12-27,69,Female,TX
CUST00422,2022-09-10,60,Male,NY
CUST02426,2024-04-16,44,Other,MA
CUST00319,2023-03-10,26,Other,TX
CUST01611,2024-03-29,38,Female,PA
CUST00586,2024-06-12,30,Other,FL
CUST01498,2023-10-04,46,Other,GA
CUST01479,2022-06-08,38,Other,CA
CUST01127,2022-05-10,58,Other,MA
CUST02489,2024-05-06,65,Female,AZ
CUST02684,2023-03-31,46,Other,PA
CUST02735,2022-10-25,22,Male,WA
CUST02821,2022-10-09,36,Female,OH
CUST00362,2024-05-19,25,Other,GA
CUST01011,2023-07-06,68,Male,NY
CUST00817,2022-06-04,24,Female,WA
CUST02815,2024-05-16,44,Male,IL
CUST01402,2024-06-03,26,Female,GA
CUST02586,2022-07-15,59,Male,CA
CUST02526,2023-10-13,63,Other,PA
CUST00165,2022-04-23,52,Female,GA
CUST02858,2023-10-17,22,Female,IL
CUST02967,2023-08-07,60,Female,OH
CUST02738,2022-06-11,37,Male,WA
CUST02446,2022-12-10,37,Other,CA
CUST00007,2022-08-17,48,Female,WA
CUST02679,2022-06-07,29,Male,IL
CUST01905,2023-02-28,23,Other,CO
CUST00048,2024-02-21,34,Other,MI
CUST01528,2024-03-26,53,Other,AZ
CUST02899,2022-04-19,39,Female,NC
CUST01504,2022-02-06,27,Female,NY
CUST01330,2023-02-18,35,Other,TX
CUST02977,2024-02-22,70,Female,AZ
CUST02331,2024-05-14,61,Female,MA
CUST02209,2022-03-20,28,Other,TX
CUST00743,2023-12-15,70,Female,GA
CUST00398,2024-02-05,62,Other,NY
CUST01594,2024-04-29,62,Other,AZ
CUST00697,2023-09-14,60,Male,NC
CUST01513,2022-04-03,66,Other,MA
CUST01163,2022-06-05,60,Female,NY
CUST01186,2023-08-26,23,Male,NC
CUST02814,2022-10-18,26,Other,MI
CUST01639,2023-01-09,29,Other,GA
CUST02332,2024-03-18,45,Other,NC
CUST00981,2022-12-22,52,Female,IL
CUST02794,2023-08-25,53,Other,CO
CUST02928,2023-04-24,29,Female,NC
CUST02661,2022-05-27,44,Other,NY
CUST00582,2024-03-17,39,Male,MA
CUST02823,2023-10-03,68,Male,TX
CUST01486,2023-12-11,66,Female,MI
CUST00601,2022-01-25,67,Female,PA
CUST02084,2023-12-22,26,Male,NY
CUST01549,2023-12-01,68,Female,IL
CUST01140,2024-06-12,45,Female,CA
CUST00135,2024-01-06,53,Other,GA
CUST02826,2023-07-01,30,Male,VA
CUST02141,2022-03-20,63,Other,CO
CUST00805,2022-10-09,42,Other,IL
CUST01761,2023-12-04,52,Other,CA
CUST02078,2024-02-04,43,Male,CO
CUST01998,2022-12-26,40,Female,AZ
CUST02613,2024-03-31,28,Other,NC
CUST01230,2023-08-27,53,Female,PA
CUST01255,2023-04-25,67,Female,WA
CUST01872,2022-03-09,50,Other,FL
CUST02286,2022-05-25,60,Female,NC
CUST01165,2024-04-10,51,Female,NC
CUST01796,2024-04-12,51,Other,TX
CUST02914,2023-03-05,25,Male,CO
CUST02884,2023-09-14,20,Male,OH
CUST01530,2022-10-28,56,Other,AZ
CUST02316,2023-01-06,61,Female,TX
CUST01908,2023-04-10,34,Male,CO
CUST02678,2023-09-12,58,Male,TX
CUST02466,2022-08-09,35,Other,VA
CUST00669,2023-11-14,59,Female,GA
CUST00855,2024-01-23,27,Other,CA
CUST02116,2024-03-31,43,Male,PA
CUST01958,2022-08-06,42,Other,IL
CUST02671,2024-03-08,38,Male,VA
CUST02038,2023-11-09,69,Male,CO
CUST00592,2024-04-16,33,Other,MA
CUST00461,2022-12-24,57,Male,MI
CUST01893,2024-05-23,18,Male,WA
CUST01578,2024-05-15,22,Other,WA
CUST00770,2022-05-17,32,Other,CO
CUST01382,2024-01-04,47,Female,NY
CUST00259,2022-08-05,36,Other,TX
CUST00518,2023-10-15,49,Other,GA
CUST00581,2022-06-13,31,Other,AZ
CUST02498,2024-01-06,67,Female,IL
CUST00558,2023-09-28,46,Male,AZ
CUST01645,2024-02-05,18,Female,CO
CUST01930,2024-01-27,43,Female,OH
CUST01047,2023-09-03,43,Male,CO
CUST02732,2022-03-08,55,Female,CO
CUST02903,2022-05-06,43,Male,NC
CUST00389,2022-06-08,70,Female,GA
CUST02142,2023-06-07,60,Male,WA
CUST01871,2022-06-01,43,Other,NY
CUST00658,2023-11-12,28,Male,WA
CUST01437,2022-07-13,28,Male,CA
CUST02296,2022-03-28,42,Other,MA
CUST01079,2023-01-13,36,Male,CA
CUST01813,2022-04-23,21,Female,WA
CUST01804,2022-01-03,24,Female,CO
CUST01689,2022-05-07,54,Other,TX
CUST00962,2022-03-19,36,Female,PA
CUST02902,2023-04-23,43,Male,NC
CUST00218,2024-02-20,44,Male,VA
CUST01624,2024-02-25,33,Other,NY
CUST00798,2022-10-11,54,Other,GA
CUST02808,2022-06-15,60,Female,NY
CUST00372,2022-06-18,21,Other,FL
CUST02282,2022-12-08,62,Female,AZ
CUST01536,2023-06-28,19,Other,IL
CUST02457,2024-02-17,30,Other,CA
CUST01277,2024-05-06,64,Other,CO
CUST02698,2024-01-24,26,Other,OH
CUST01656,2022-10-07,41,Other,WA
CUST02137,2022-08-15,28,Other,NC
CUST02013,2023-06-28,66,Female,CA
CUST00771,2024-03-31,31,Female,PA
CUST01441,2023-01-28,37,Male,PA
CUST02919,2022-12-02,28,Female,NY
CUST00985,2023-01-15,53,Male,NY
CUST01732,2023-04-10,20,Female,VA
CUST00273,2023-04-08,43,Other,FL
CUST00445,2022-11-04,42,Other,VA
CUST00937,2023-04-22,18,Male,IL
CUST02716,2022-05-06,51,Male,TX
CUST01798,2022-08-27,62,Other,VA
CUST00267,2023-02-13,43,Female,MA
CUST00025,2023-07-29,50,Other,TX
CUST02341,2023-11-09,69,Other,VA
CUST00628,2023-09-03,27,Other,MI
CUST00175,2023-01-26,33,Other,WA
CUST01853,2022-11-05,25,Other,CA
CUST02672,2023-10-23,63,Male,MA
CUST01815,2024-06-06,60,Female,MA
CUST01685,2023-02-09,28,Female,AZ
CUST01487,2023-02-12,26,Female,OH
CUST01701,2022-04-21,48,Male,NC
CUST00082,2022-10-24,31,Other,WA
CUST01839,2023-01-06,28,Male,NC
CUST02350,2022-06-16,51,Female,MI
CUST01668,2022-04-28,35,Female,CO
CUST02729,2023-11-15,24,Female,CO
CUST00309,2024-03-14,67,Female,NC
CUST02885,2022-05-28,18,Female,VA
CUST02562,2024-04-10,38,Female,NY
CUST02683,2023-01-16,18,Female,OH
CUST02934,2022-04-03,19,Male,GA
CUST01467,2024-06-14,45,Male,NC
CUST01298,2023-03-23,33,Other,MI
CUST01110,2024-01-12,24,Male,NY
CUST01783,2022-12-08,24,Female,NC
CUST00887,2023-03-15,53,Male,FL
CUST01398,2023-06-05,36,Male,MA
CUST00957,2023-11-25,48,Female,IL
CUST01318,2023-02-15,54,Male,TX
CUST00587,2022-02-09,65,Male,NC
CUST01287,2022-02-11,37,Female,OH
CUST01017,2024-01-19,55,Male,NC
CUST01537,2023-02-26,60,Female,TX
CUST02096,2022-02-13,62,Female,GA
CUST01463,2023-08-28,62,Other,TX
CUST00635,2023-09-13,44,Other,TX
CUST02857,2023-09-25,50,Male,PA
CUST02014,2022-08-09,32,Other,PA
CUST01153,2022-04-27,24,Female,PA
CUST02665,2024-03-11,30,Female,GA
CUST02094,2024-06-01,63,Male,WA
CUST00677,2022-07-16,66,Other,VA
CUST02608,2023-05-25,48,Other,CO
CUST01107,2024-01-27,19,Female,IL
CUST02750,2024-03-22,49,Male,AZ
CUST00194,2022-10-28,53,Male,TX
CUST00597,2024-03-25,43,Female,MA
CUST02222,2024-01-27,60,Other,CA
CUST00176,2023-09-03,33,Female,NY
CUST02054,2023-11-26,39,Female,AZ
CUST00479,2024-04-16,46,Male,OH
CUST02624,2022-11-25,69,Male,MA
CUST00858,2023-09-10,68,Other,PA
CUST01854,2023-04-15,23,Other,WA
CUST02537,2024-01-21,37,Other,AZ
CUST02208,2022-10-21,45,Other,AZ
CUST01033,2023-01-24,24,Female,MI
CUST01269,2024-01-23,52,Other,TX
CUST01898,2023-07-19,30,Male,IL
CUST00667,2023-06-04,29,Male,PA
CUST00416,2023-11-23,42,Female,NY
CUST02601,2024-02-01,64,Other,PA
CUST01945,2023-11-13,57,Other,CO
CUST02283,2022-03-25,60,Female,NY
CUST00999,2024-04-28,44,Female,PA
CUST02733,2023-07-18,37,Female,MI
CUST00924,2022-09-11,41,Other,VA
CUST01843,2023-04-08,44,Male,MI
CUST01773,2023-04-11,62,Female,NC
CUST01244,2022-03-03,19,Female,OH
CUST02295,2023-12-27,21,Other,CO
CUST00258,2023-03-10,68,Female,CO
CUST01373,2022-08-19,47,Male,OH
CUST02810,2023-12-28,35,Other,CA
CUST02202,2023-04-18,63,Other,MA
CUST00443,2023-11-19,45,Male,NC
CUST02193,2022-11-07,28,Male,AZ
CUST00986,2022-03-12,19,Other,PA
CUST00704,2022-08-07,18,Other,MA
CUST00906,2023-03-08,61,Male,NC
CUST01584,2022-04-20,68,Female,WA
CUST00095,2023-01-15,53,Other,FL
CUST00842,2023-08-13,55,Other,NC
CUST01019,2022-10-02,52,Other,VA
CUST01593,2022-01-23,45,Female,MI
CUST01502,2024-06-12,58,Male,WA
CUST00379,2023-04-11,21,Female,AZ
CUST01678,2023-02-11,50,Male,PA
CUST00968,2022-04-15,68,Other,IL
CUST02963,2023-01-10,62,Male,NY
CUST02067,2022-11-05,55,Other,AZ
CUST01144,2023-04-26,31,Female,TX
CUST01888,2023-03-17,24,Other,VA
CUST01660,2024-04-24,35,Male,VA
CUST00474,2024-04-06,21,Other,GA
CUST01522,2022-06-20,26,Other,IL
CUST02677,2022-02-03,39,Female,NY
CUST00680,2023-01-24,26,Female,VA
CUST01886,2023-06-02,24,Male,GA
CUST02985,2022-05-12,48,Other,CA
CUST01711,2023-10-26,59,Male,PA
CUST00898,2022-12-01,67,Other,TX
CUST02288,2022-11-14,69,Other,WA
CUST01345,2024-02-14,33,Female,TX
CUST01902,2023-03-17,61,Male,PA
CUST02553,2022-06-29,36,Female,IL
CUST01262,2023-07-07,53,Male,TX
CUST00653,2023-11-18,64,Male,GA
CUST02655,2023-06-10,50,Other,TX
CUST02636,2023-12-08,37,Other,NC
CUST02085,2022-08-24,28,Other,PA
CUST00980,2022-02-12,55,Female,VA
CUST01340,2022-02-25,35,Female,IL
CUST00607,2024-06-04,40,Male,OH
CUST02069,2024-02-25,27,Female,CO
CUST02207,2024-05-01,56,Female,CA
CUST00946,2024-01-06,45,Male,IL
CUST00909,2022-03-25,26,Other,MI
CUST02056,2023-05-14,30,Female,OH
CUST02297,2022-11-14,70,Other,GA
CUST01026,2023-04-07,41,Other,IL
CUST02544,2024-02-14,24,Male,AZ
CUST00350,2024-04-07,25,Male,NC
CUST00491,2022-06-09,64,Male,TX
CUST01058,2023-05-16,65,Female,NC
CUST00094,2022-06-16,31,Other,WA
CUST01304,2022-12-23,40,Male,WA
CUST02920,2023-08-15,24,Other,NY
CUST01366,2022-06-12,23,Male,CA
CUST01083,2022-12-19,64,Female,AZ
CUST02243,2023-10-24,48,Other,CO
CUST02369,2024-02-10,24,Other,IL
CUST02420,2023-06-10,46,Other,WA
CUST00191,2023-10-19,67,Other,TX
CUST01694,2023-11-20,65,Female,TX
CUST02717,2022-05-19,30,Male,TX
CUST00650,2024-01-07,66,Male,TX
CUST02170,2023-10-06,42,Male,TX
CUST01968,2023-01-12,52,Other,FL
CUST02955,2022-04-21,64,Male,PA
CUST01159,2023-08-14,30,Other,IL
CUST02269,2022-12-04,29,Other,NY
CUST02402,2022-02-23,48,Female,MA
CUST00895,2022-12-02,36,Female,MI
CUST00487,2022-04-29,50,Female,TX
CUST00027,2024-01-04,49,Other,AZ
CUST01430,2023-07-20,59,Female,NY
CUST00186,2023-11-30,39,Male,GA
CUST02804,2023-06-15,37,Other,NC
CUST02924,2024-02-21,69,Other,AZ
CUST00706,2023-04-30,51,Other,NY
CUST00373,2023-01-24,47,Female,MA
CUST00841,2024-02-23,61,Male,MI
CUST02791,2024-03-09,46,Other,AZ
CUST02478,2022-11-05,49,Other,NC
CUST00606,2022-10-13,59,Male,WA
CUST01921,2023-05-01,25,Female,GA
CUST00364,2022-06-20,31,Female,MI
CUST00852,2023-03-06,22,Female,PA
CUST00502,2022-09-28,27,Other,FL
CUST02042,2023-03-29,29,Male,NY
CUST00580,2022-10-01,48,Male,NC
CUST01509,2023-12-02,31,Other,FL
CUST00642,2022-02-15,54,Female,OH
CUST02987,2023-02-08,28,Female,GA
CUST00447,2022-11-20,32,Other,MI
CUST02820,2023-07-19,25,Male,AZ
CUST02156,2022-08-30,24,Male,GA
CUST01911,2024-01-18,19,Female,CA
CUST01659,2022-09-21,67,Other,WA
CUST01342,2023-06-15,26,Male,MI
CUST00438,2022-11-18,37,Other,VA
CUST02988,2023-01-18,22,Male,MI
CUST00291,2022-03-11,64,Other,WA
CUST01384,2023-06-06,60,Male,WA
CUST00088,2023-01-25,65,Other,TX
CUST01748,2023-09-23,68,Other,MA
CUST01583,2023-05-10,21,Other,CO
CUST02086,2023-05-28,64,Other,AZ
CUST01081,2023-07-21,23,Female,PA
CUST02166,2023-11-03,49,Male,OH
CUST02843,2024-04-25,48,Female,PA
CUST02388,2022-10-16,43,Other,AZ
CUST02477,2022-09-01,41,Other,GA
CUST00602,2023-11-07,36,Male,PA
CUST00914,2022-02-23,27,Female,NY
CUST00483,2022-04-17,66,Other,MA
CUST02468,2022-06-03,70,Female,AZ
CUST00584,2022-04-21,18,Other,NY
CUST00383,2024-01-19,69,Male,OH
CUST02407,2023-07-22,70,Male,CA
CUST02507,2023-03-03,44,Male,WA
CUST01317,2023-11-10,21,Male,TX
CUST02612,2022-10-01,37,Other,VA
CUST01652,2024-06-16,70,Other,IL
CUST01575,2023-12-08,22,Male,MI
CUST00831,2022-03-05,35,Other,GA
CUST01914,2023-03-14,59,Male,NC
CUST01729,2023-07-05,32,Male,GA
CUST01216,2022-08-26,36,Other,TX
CUST00388,2023-05-14,34,Other,MI
CUST02047,2023-06-09,32,Male,CO
CUST02574,2022-02-12,21,Female,CA
CUST01745,2022-04-12,30,Other,FL
CUST02123,2023-03-24,69,Female,VA
CUST01431,2024-02-21,41,Male,VA
CUST01086,2023-07-18,37,Female,VA
CUST00162,2024-02-13,31,Female,CA
CUST00139,2023-05-27,36,Other,CA
CUST02098,2022-01-20,68,Female,FL
CUST01646,2023-03-02,28,Female,CA
CUST02947,2024-05-13,38,Other,TX
CUST01312,2022-12-04,68,Male,NC
CUST02795,2022-07-06,34,Female,NY
CUST01360,2022-01-30,42,Other,NC
CUST01029,2023-04-21,52,Male,AZ
CUST02788,2022-05-12,62,Male,NC
CUST02384,2023-08-08,48,Female,AZ
CUST00829,2023-04-23,19,Male,NC
CUST00188,2024-02-08,48,Female,NY
CUST02522,2023-02-04,34,Female,FL
CUST00963,2023-08-30,65,Male,MI
CUST00240,2022-03-29,26,Other,MI
CUST02057,2023-06-24,69,Other,NY
CUST00639,2023-08-14,39,Female,GA
CUST01300,2024-04-13,69,Other,IL
CUST01243,2022-03-15,54,Other,NC
CUST01199,2022-09-28,42,Female,MI
CUST02557,2023-04-21,48,Male,WA
CUST00100,2023-12-20,42,Other,WA
CUST01315,2023-05-23,31,Female,MA
CUST01858,2023-05-06,37,Other,GA
CUST00881,2023-08-30,50,Other,NY
CUST00877,2023-09-30,45,Other,OH
CUST00969,2023-12-15,33,Male,WA
CUST01897,2024-02-27,26,Female,MA
CUST02931,2022-11-12,67,Male,TX
CUST02731,2023-12-28,50,Female,NY
CUST00536,2023-08-20,48,Other,OH
CUST02271,2023-07-26,20,Male,WA
CUST02107,2023-12-28,64,Other,AZ
CUST00336,2022-09-12,66,Other,FL
CUST02095,2024-01-30,53,Male,MA
CUST00595,2022-11-09,63,Other,AZ
CUST00472,2022-11-06,61,Other,CA
CUST02705,2022-09-26,48,Male,MA
CUST02870,2023-12-03,24,Female,AZ
CUST00399,2022-11-18,22,Other,OH
CUST00111,2023-04-19,61,Other,TX
CUST02027,2022-03-28,40,Male,CA
CUST00935,2023-08-01,26,Male,NY
CUST02630,2022-11-10,59,Other,MA
CUST02621,2022-07-04,65,Female,MA
CUST01030,2023-08-07,56,Other,PA
CUST00159,2023-06-06,34,Other,FL
CUST00054,2023-01-03,32,Male,GA
CUST00174,2023-01-30,55,Other,AZ
CUST02016,2023-03-06,69,Other,FL
CUST02487,2022-03-06,28,Male,GA
CUST00567,2023-02-27,61,Female,TX
CUST00103,2022-03-15,47,Female,AZ
CUST01076,2022-11-10,19,Male,VA
CUST01683,2022-04-03,28,Male,OH
CUST01790,2024-04-29,27,Female,CO
CUST01765,2023-01-03,27,Male,MA
CUST01066,2023-05-18,41,Male,NC
CUST01532,2023-01-19,56,Female,MI
CUST02419,2023-04-06,65,Female,NY
CUST02603,2023-01-31,32,Male,CA
CUST00181,2024-05-31,58,Male,CO
CUST02951,2022-10-20,51,Male,CA
CUST01090,2023-04-10,31,Other,NC
CUST02030,2022-06-11,63,Female,NC
CUST01647,2022-06-29,49,Female,FL
CUST00172,2023-09-03,57,Female,CA
CUST01338,2023-04-19,44,Other,PA
CUST00202,2022-09-27,66,Male,MA
CUST00183,2023-11-28,21,Male,VA
CUST01726,2022-04-29,61,Other,NY
CUST02688,2022-05-21,67,Female,NY
CUST02281,2022-06-03,66,Other,WA
CUST01736,2023-12-15,36,Other,NC
CUST02493,2022-01-17,19,Male,OH
CUST01716,2023-12-19,44,Female,OH
CUST01743,2023-03-01,18,Male,GA
CUST01295,2022-10-12,25,Female,MA
CUST02185,2023-10-05,19,Male,WA
CUST00524,2023-12-24,68,Other,NY
CUST01674,2024-05-30,58,Male,TX
CUST00934,2022-04-28,24,Female,CA
CUST02106,2023-02-19,37,Male,NY
CUST00129,2023-02-15,62,Female,WA
CUST00574,2024-04-01,66,Other,PA
CUST00995,2022-04-19,22,Male,PA
CUST02926,2023-05-26,61,Male,NY
CUST00147,2024-02-02,40,Male,MA
CUST00271,2023-03-25,38,Male,AZ
CUST01870,2023-09-15,40,Other,TX
CUST00250,2023-11-07,47,Male,NY
CUST00861,2022-08-13,65,Female,VA
CUST00720,2024-04-18,24,Male,NY
CUST02751,2022-05-23,40,Male,AZ
CUST00964,2023-12-09,62,Female,GA
CUST00189,2022-10-01,24,Male,VA
CUST00370,2023-02-15,46,Male,CO
CUST00062,2023-04-16,64,Other,TX
CUST01936,2023-08-24,29,Female,NY
CUST01545,2023-09-17,43,Female,MA
CUST02290,2023-12-17,44,Female,TX
CUST00566,2022-07-01,42,Female,CA
CUST01650,2024-03-16,51,Female,NY
CUST02996,2023-09-09,50,Female,GA
CUST02072,2022-09-19,51,Other,CO
CUST00260,2023-07-07,54,Female,AZ
CUST02061,2022-08-14,29,Female,CA
CUST00660,2023-10-01,68,Male,IL
CUST01973,2022-08-20,63,Male,FL
CUST02691,2023-02-12,66,Other,NC
CUST00355,2022-02-21,54,Other,GA
CUST01919,2022-06-06,69,Female,CO
CUST00361,2024-02-11,46,Other,AZ
CUST01475,2022-05-28,64,Female,NC
CUST00160,2023-05-21,65,Other,CO
CUST02887,2024-06-01,60,Other,TX
CUST02434,2023-01-18,44,Male,GA
CUST00341,2022-05-24,68,Other,MA
CUST01064,2023-10-24,32,Other,NC
CUST02256,2022-10-17,43,Female,CO
CUST02548,2022-12-27,41,Female,MA
CUST00187,2023-07-04,63,Male,MI
CUST00243,2024-04-15,35,Other,TX
CUST00302,2023-07-07,47,Female,NC
CUST00794,2024-02-09,43,Other,PA
CUST01344,2023-09-30,26,Male,MA
CUST01171,2023-07-26,43,Male,MI
CUST00286,2022-03-14,66,Other,NY
CUST01154,2024-04-21,69,Other,CA
CUST01516,2024-02-18,64,Female,VA
CUST00664,2022-05-08,64,Other,CO
CUST02140,2022-06-22,70,Other,MI
CUST02254,2023-01-08,37,Other,GA
CUST00707,2024-03-23,64,Female,MA
CUST00728,2022-05-31,70,Female,NY
CUST02849,2024-02-29,23,Female,AZ
CUST00808,2024-01-01,26,Female,MI
CUST00652,2024-01-25,49,Male,NY
CUST00665,2024-01-08,52,Male,NY
CUST02381,2022-07-18,49,Female,WA
CUST01708,2022-12-02,69,Other,TX
CUST01211,2023-12-07,59,Male,FL
CUST02103,2023-08-13,70,Female,CA
CUST00347,2024-06-14,41,Male,AZ
CUST01499,2024-01-06,40,Female,NC
CUST02766,2022-03-09,50,Female,WA
CUST01519,2024-06-12,45,Female,IL
CUST01170,2022-05-02,57,Female,NC
CUST01521,2023-03-31,68,Male,CA
CUST00982,2023-06-30,29,Female,NY
CUST01702,2023-11-23,41,Male,IL
CUST02789,2024-06-18,25,Female,PA
CUST01094,2022-08-25,48,Female,AZ
CUST00605,2022-12-03,52,Female,NC
CUST00674,2022-10-30,70,Female,FL
CUST02462,2022-01-06,21,Male,VA
CUST00874,2024-05-10,26,Male,MA
CUST01177,2023-09-26,57,Male,CA
CUST00376,2022-09-29,44,Male,FL
CUST00819,2023-01-28,32,Female,MI
CUST02287,2022-12-25,40,Other,WA
CUST01649,2022-05-16,51,Female,IL
CUST02917,2022-06-13,64,Other,OH
CUST00755,2022-04-20,21,Male,PA
CUST02741,2023-12-19,64,Other,IL
CUST01481,2023-04-26,37,Female,GA
CUST02758,2023-08-10,32,Female,CO
CUST02242,2023-06-01,56,Female,IL
CUST00292,2022-02-02,54,Male,VA
CUST02541,2024-03-01,57,Female,VA
CUST01982,2023-11-23,38,Other,FL
CUST02191,2023-03-29,28,Other,GA
CUST00205,2022-07-02,36,Other,PA
CUST01844,2023-05-31,25,Female,AZ
CUST00451,2023-04-15,27,Male,IL
CUST00033,2023-04-05,19,Other,GA
CUST02516,2023-07-12,59,Other,FL
CUST01223,2022-03-14,40,Male,PA
CUST01105,2022-07-16,63,Male,AZ
CUST00529,2022-03-19,44,Female,GA
CUST01518,2023-12-22,40,Other,FL
CUST01563,2023-04-22,38,Male,GA
CUST01891,2023-12-20,26,Other,IL
CUST01763,2023-07-12,68,Other,AZ
CUST01625,2023-11-07,21,Male,IL
CUST02748,2022-05-05,26,Other,VA
CUST00951,2022-11-15,26,Female,AZ
CUST02912,2024-06-03,69,Female,GA
CUST00264,2022-07-25,29,Female,IL
CUST00670,2023-02-23,21,Other,AZ
CUST00824,2022-03-07,57,Male,MA
CUST00838,2023-12-14,42,Other,GA
CUST00711,2023-11-06,19,Other,PA
CUST00543,2023-01-09,47,Female,OH
CUST02631,2023-04-02,23,Other,VA
CUST00632,2024-03-16,55,Female,AZ
CUST01406,2024-03-19,39,Male,NC
CUST00409,2023-06-05,26,Male,PA
CUST01444,2024-03-05,66,Other,OH
CUST00418,2022-08-29,42,Female,VA
CUST00613,2023-06-06,47,Female,GA
CUST02455,2024-05-01,29,Female,VA
CUST02449,2022-05-21,43,Female,MI
CUST00619,2022-01-29,38,Male,GA
CUST02383,2023-11-26,56,Female,GA
CUST00387,2024-01-06,43,Female,GA
CUST02046,2024-02-13,21,Female,GA
CUST01589,2023-08-12,63,Female,MA
CUST00578,2024-04-10,53,Female,AZ
CUST00889,2024-06-06,56,Female,GA
CUST00234,2022-09-03,36,Other,PA
CUST00672,2023-02-17,20,Female,CA
CUST00004,2024-01-30,63,Female,MI
CUST00917,2023-10-28,45,Female,IL
CUST01664,2024-02-04,19,Female,MA
CUST00618,2022-12-06,66,Female,TX
CUST01326,2022-09-16,63,Male,TX
CUST01248,2023-09-02,36,Male,FL
CUST02040,2023-05-13,52,Male,CA
CUST01239,2022-06-02,46,Female,WA
CUST01339,2023-02-28,21,Female,NY
CUST02230,2023-09-12,53,Male,WA
CUST00169,2024-03-22,35,Other,CO
CUST00612,2023-10-19,49,Female,PA
CUST01458,2022-06-05,51,Male,CO
CUST01770,2022-05-06,52,Male,WA
CUST00128,2022-11-20,31,Female,NC
CUST02464,2022-01-20,63,Female,OH
CUST00512,2022-10-11,65,Male,VA
CUST02217,2023-01-29,53,Female,FL
CUST01281,2022-01-22,45,Other,PA
CUST00014,2022-03-31,38,Other,FL
CUST00701,2023-03-29,52,Other,MI
CUST02004,2023-11-05,33,Female,AZ
CUST01861,2023-03-13,62,Female,NY
CUST03000,2022-02-11,42,Male,MI
CUST01445,2023-02-25,32,Male,PA
CUST00744,2023-01-29,23,Male,IL
CUST01814,2023-11-08,45,Male,OH
CUST01053,2022-07-15,18,Other,FL
CUST02270,2022-04-07,46,Male,OH
CUST00304,2024-01-11,28,Female,MI
CUST00340,2023-04-05,56,Female,MI
CUST02582,2022-09-17,61,Other,VA
CUST00851,2024-05-05,63,Other,OH
CUST00551,2023-11-14,42,Other,FL
CUST02058,2023-11-15,26,Female,IL
CUST02175,2024-02-18,59,Female,TX
CUST00857,2024-03-30,63,Other,PA
CUST02727,2024-05-15,37,Female,CA
CUST01556,2023-10-16,49,Male,PA
CUST02436,2023-01-31,49,Male,CA
CUST01082,2023-06-28,25,Other,IL
CUST00942,2022-06-21,69,Female,TX
CUST02567,2023-04-14,59,Other,OH
CUST02896,2023-01-15,23,Female,TX
CUST02294,2023-09-02,53,Female,TX
CUST02022,2024-01-09,55,Male,MA
CUST00058,2022-09-28,48,Female,AZ
CUST00764,2022-02-21,68,Female,OH
CUST02504,2022-12-28,31,Male,TX
CUST02524,2023-04-27,69,Other,CO
CUST01667,2024-04-03,45,Female,VA
CUST02759,2023-01-13,32,Other,NC
CUST01389,2023-05-10,52,Female,AZ
CUST02320,2022-07-04,66,Other,TX
CUST01004,2022-06-30,37,Male,WA
CUST01403,2022-03-13,54,Female,WA
CUST00739,2023-10-07,62,Male,CA
CUST01676,2024-01-12,49,Male,OH
CUST02213,2022-04-03,31,Male,TX
CUST00700,2023-04-22,18,Other,IL
CUST02340,2022-02-08,64,Female,NY
CUST01791,2024-02-23,63,Female,OH
CUST00853,2023-07-06,23,Female,OH
CUST02432,2023-02-10,31,Other,GA
CUST02935,2023-02-07,61,Other,GA
CUST01967,2023-07-24,69,Male,MI
CUST01826,2022-06-28,38,Male,CO
CUST00075,2022-07-16,19,Male,PA
CUST02488,2022-04-24,34,Other,FL
CUST00790,2024-06-01,66,Female,AZ
CUST02260,2022-12-13,34,Other,MI
CUST00074,2023-08-15,30,Other,CO
CUST02301,2024-03-21,61,Other,WA
CUST02569,2022-10-28,30,Other,IL
CUST01229,2023-10-03,42,Male,TX
CUST01267,2022-02-10,35,Other,WA
CUST02783,2023-04-06,60,Female,FL
CUST01640,2024-01-20,25,Female,GA
CUST01202,2022-06-10,26,Female,WA
CUST01550,2022-09-04,68,Male,NC
CUST01638,2023-08-17,65,Female,IL
CUST00266,2022-11-16,58,Female,AZ
CUST00209,2023-10-03,23,Other,WA
CUST00217,2023-01-18,29,Other,PA
CUST00329,2022-03-04,48,Other,WA
CUST01912,2022-04-08,22,Other,CA
CUST02930,2024-06-19,42,Other,NC
CUST00494,2023-09-12,54,Other,CA
CUST01818,2022-01-16,36,Other,VA
CUST02264,2024-03-19,42,Female,MA
CUST00811,2022-10-06,64,Female,GA
CUST01619,2023-09-28,22,Male,OH
CUST01491,2022-12-03,22,Male,MA
CUST01192,2023-09-17,37,Female,CO
CUST02043,2023-03-01,49,Female,IL
CUST00561,2022-08-31,52,Other,NC
CUST01484,2022-12-13,67,Male,PA
CUST01900,2024-06-05,43,Other,TX
CUST01994,2023-12-21,21,Other,GA
CUST01881,2023-01-26,46,Female,MI
CUST00762,2023-06-15,45,Other,CO
CUST00590,2022-08-16,66,Male,GA
CUST01686,2022-01-15,34,Other,VA
CUST02886,2022-11-17,26,Other,OH
CUST02486,2023-04-14,40,Female,VA
CUST02364,2024-01-07,54,Male,FL
CUST02238,2024-05-07,36,Other,OH
CUST01629,2023-10-06,25,Other,OH
CUST01426,2023-07-06,37,Male,CA
CUST01855,2023-10-21,28,Male,WA
CUST00845,2022-01-07,23,Male,WA
CUST00465,2023-01-14,31,Female,MI
CUST02848,2023-10-19,60,Male,MI
CUST01820,2024-03-19,38,Female,VA
CUST01971,2022-10-13,42,Other,AZ
CUST01570,2022-12-20,61,Other,WA
CUST01101,2023-07-03,22,Male,NY
CUST02234,2022-03-05,41,Other,TX
CUST02160,2022-07-22,42,Male,PA
CUST01529,2022-02-27,56,Female,TX
CUST00666,2022-11-04,49,Other,GA
CUST02842,2022-02-12,62,Other,GA
CUST00225,2022-11-28,65,Male,PA
CUST01160,2023-10-07,47,Other,MI
CUST00806,2023-03-27,66,Female,CA
CUST02837,2024-01-08,28,Other,GA
CUST02255,2023-01-17,68,Male,GA
CUST01824,2022-11-28,65,Female,AZ
CUST00050,2022-04-15,68,Male,NC
CUST02975,2023-06-01,42,Female,NY
CUST02267,2022-12-09,42,Other,PA
CUST01189,2023-08-06,38,Female,TX
CUST00556,2024-06-14,59,Other,CO
CUST02082,2023-01-25,37,Female,OH
CUST02609,2023-01-12,60,Other,NY
CUST01944,2024-06-13,20,Female,CO
CUST01715,2023-04-21,33,Male,AZ
CUST02836,2023-10-02,36,Male,TX
CUST01799,2022-12-03,41,Male,MA
CUST01005,2024-01-22,33,Other,CO
CUST02584,2024-02-11,64,Male,CO
CUST02461,2023-09-23,47,Female,WA
CUST02946,2023-09-04,59,Male,TX
CUST02560,2023-10-09,35,Female,NY
CUST00585,2023-01-27,31,Male,PA
CUST00749,2023-11-03,23,Other,AZ
CUST00993,2024-04-22,36,Other,CA
CUST01801,2022-06-01,65,Male,IL
CUST01851,2023-11-06,47,Female,CA
CUST00553,2022-12-29,34,Other,WA
CUST01631,2023-10-05,57,Other,TX
CUST01016,2024-04-25,48,Male,NY
CUST01777,2023-10-20,66,Other,AZ
CUST02673,2023-01-11,29,Other,GA
CUST00290,2022-08-23,55,Male,TX
CUST01781,2022-02-21,64,Female,WA
CUST02125,2022-04-19,32,Female,VA
CUST00513,2022-02-15,29,Male,MI
CUST01008,2022-10-04,27,Female,FL
CUST00796,2024-05-10,37,Male,TX
CUST00255,2023-06-25,18,Female,CA
CUST02959,2024-01-15,39,Other,IL
CUST01464,2022-12-06,39,Female,PA
CUST00301,2022-08-08,25,Other,TX
CUST02408,2022-04-16,68,Other,FL
CUST01605,2023-09-13,23,Other,WA
CUST00970,2024-03-02,38,Female,WA
CUST02520,2023-07-22,18,Female,FL
CUST02201,2022-11-14,48,Male,CA
CUST00133,2023-08-04,48,Other,VA
CUST01141,2022-01-13,42,Other,MA
CUST00068,2022-10-28,61,Other,VA
CUST00972,2024-05-20,35,Female,AZ
CUST01899,2024-01-09,70,Female,FL
CUST01436,2024-06-09,59,Male,MI
CUST02021,2022-11-16,33,Other,WA
CUST02065,2022-01-08,19,Other,VA
CUST02036,2022-10-06,54,Female,PA
CUST01311,2022-06-14,26,Female,GA
CUST02178,2023-11-29,32,Male,AZ
CUST00991,2024-05-19,46,Female,PA
CUST00164,2024-05-31,70,Male,NY
CUST00977,2024-03-26,25,Other,AZ
CUST00016,2023-03-09,38,Male,WA
CUST01224,2023-12-05,18,Male,AZ
CUST02556,2023-12-03,24,Male,TX
CUST00076,2023-12-23,46,Male,PA
CUST00057,2023-09-11,55,Other,VA
CUST02338,2024-01-27,34,Female,NY
CUST01285,2022-10-03,66,Female,MI
CUST01561,2022-01-10,18,Female,MI
CUST01031,2023-09-17,58,Male,TX
CUST02881,2023-04-21,25,Female,TX
CUST02053,2023-11-26,18,Male,PA
CUST00203,2023-05-28,36,Other,FL
CUST01574,2023-03-11,67,Female,NY
CUST02045,2022-08-09,23,Female,NC
CUST02099,2023-04-16,40,Female,NY
CUST00956,2023-08-13,30,Other,MA
CUST00631,2024-01-17,53,Other,WA
CUST01986,2023-09-16,19,Male,FL
CUST02158,2022-05-30,18,Other,TX
CUST01319,2024-04-13,40,Other,IL
CUST00691,2022-11-08,21,Male,GA
CUST02813,2023-06-16,62,Male,NC
CUST02337,2024-05-05,56,Other,GA
CUST00679,2023-11-12,44,Other,FL
CUST01393,2023-07-19,70,Female,NY
CUST01941,2022-05-06,35,Male,NC
CUST02558,2023-12-14,22,Female,GA
CUST00638,2023-01-30,30,Female,CO
CUST00115,2023-12-06,34,Other,AZ
CUST02093,2023-02-11,29,Other,WA
CUST00783,2023-06-01,20,Female,IL
CUST00411,2024-05-21,59,Other,CA
CUST02531,2022-01-17,42,Male,AZ
CUST00313,2022-07-14,58,Male,WA
CUST00467,2022-06-11,24,Male,CO
CUST00219,2022-06-15,29,Female,MA
CUST02889,2022-11-23,28,Female,CA
CUST01740,2024-01-31,23,Other,PA
CUST02645,2023-03-22,25,Female,NY
CUST00767,2024-05-18,24,Female,MA
CUST00572,2024-03-12,30,Male,CA
CUST02514,2022-03-11,48,Other,IL
CUST02529,2022-09-17,35,Other,VA
CUST02634,2023-03-13,32,Male,NC
CUST00381,2023-03-10,47,Male,VA
CUST01025,2022-10-13,68,Other,IL
CUST01753,2023-01-15,47,Other,AZ
CUST00689,2024-05-03,47,Other,MA
CUST02412,2024-05-21,49,Female,AZ
CUST00714,2023-06-12,62,Male,VA
CUST01940,2023-11-18,35,Female,AZ
CUST01520,2022-04-13,38,Female,IL
CUST02863,2022-10-24,59,Female,AZ
CUST02023,2022-11-29,38,Female,MI
CUST00108,2024-01-17,61,Other,AZ
CUST01003,2023-03-22,58,Female,NC
CUST02197,2022-02-27,23,Female,MI
CUST02593,2023-11-03,65,Male,FL
CUST02583,2022-02-07,26,Female,VA
CUST02878,2023-03-27,38,Female,MA
CUST02728,2022-11-24,26,Other,WA
CUST02681,2023-04-06,58,Other,AZ
CUST00488,2022-04-20,36,Male,GA
CUST02134,2022-11-14,33,Female,VA
CUST01164,2022-06-02,49,Female,VA
CUST01592,2022-10-30,44,Female,CO
CUST00009,2024-01-25,47,Female,TX
CUST01471,2023-06-23,22,Other,WA
CUST01396,2022-07-15,35,Female,OH
CUST00354,2022-04-11,30,Other,CA
CUST02718,2024-05-23,19,Male,PA
CUST01068,2024-03-22,47,Male,MA
CUST00789,2024-02-01,27,Other,MI
CUST00475,2023-11-01,33,Other,AZ
CUST00675,2023-07-22,60,Female,TX
CUST02280,2024-06-13,27,Other,WA
CUST02918,2024-04-13,21,Female,VA
CUST01680,2024-04-03,21,Male,WA
CUST01411,2023-06-04,24,Other,VA
CUST01822,2022-09-01,43,Female,GA
CUST02344,2024-02-24,42,Male,TX
CUST01120,2022-08-21,39,Other,GA
CUST01225,2022-08-28,49,Male,IL
CUST02623,2022-10-28,64,Other,VA
CUST00577,2024-01-23,60,Female,NC
CUST01401,2022-05-20,54,Male,WA
CUST02692,2022-11-18,28,Male,OH
CUST01585,2022-08-31,43,Male,NC
CUST00907,2022-09-16,42,Female,GA
CUST00758,2022-08-13,62,Male,NY
CUST02005,2023-02-15,60,Male,OH
CUST01544,2022-03-22,65,Other,PA
CUST00011,2023-11-24,56,Female,NC
CUST00960,2024-01-03,43,Female,MI
CUST00053,2022-04-10,54,Male,GA
CUST01724,2022-11-08,25,Male,NY
CUST01992,2022-07-04,67,Female,TX
CUST00904,2024-02-10,51,Male,OH
CUST01007,2023-10-29,60,Male,NC
CUST01557,2022-09-18,58,Male,FL
CUST02336,2023-07-07,27,Male,WA
CUST00671,2022-12-01,51,Male,WA
CUST00223,2022-01-01,49,Female,MI
CUST02394,2022-06-15,43,Female,VA
CUST00018,2022-01-31,43,Female,CO
CUST02324,2023-05-13,31,Other,MI
CUST02325,2022-07-16,69,Male,VA
CUST02749,2022-07-25,39,Female,IL
CUST02769,2024-01-05,41,Other,NC
CUST02361,2023-02-25,44,Female,VA
CUST02774,2024-02-27,42,Other,GA
CUST00466,2022-10-19,22,Male,NY
CUST00444,2023-10-23,52,Other,GA
CUST02983,2023-09-18,28,Female,TX
CUST01075,2022-09-07,40,Female,TX
CUST00349,2023-03-30,54,Other,CO
CUST02891,2024-05-31,40,Male,CO
CUST01987,2023-11-05,38,Other,PA
CUST00888,2022-05-19,23,Other,IL
CUST02763,2022-05-13,64,Other,AZ
CUST02882,2022-07-28,24,Other,NY
CUST00126,2022-02-02,36,Female,TX
CUST00374,2022-01-03,26,Male,TX
CUST02952,2023-07-04,67,Male,NC
CUST01246,2024-03-22,66,Other,VA
CUST00184,2024-01-09,24,Male,MA
CUST00698,2023-11-02,49,Other,GA
CUST01880,2022-11-29,43,Other,VA
CUST01990,2022-10-01,19,Male,WA
CUST01772,2024-04-23,58,Male,IL
CUST01742,2022-06-08,47,Female,OH
CUST00693,2022-08-04,58,Male,WA
CUST01325,2022-11-19,38,Female,CA
CUST01978,2024-02-25,49,Other,NY
CUST02183,2022-11-27,20,Other,IL
CUST01073,2023-02-19,50,Female,CO
CUST00579,2022-09-12,31,Other,TX
CUST00708,2024-03-26,35,Male,IL
CUST00204,2024-02-20,38,Other,OH
CUST02685,2024-02-21,35,Female,WA
CUST02499,2022-05-28,31,Male,CO
CUST01252,2022-10-23,52,Male,VA
CUST01149,2022-02-22,69,Female,CO
CUST00323,2024-01-17,65,Other,VA
CUST00916,2022-08-18,28,Other,OH
CUST02395,2024-04-16,20,Other,MI
CUST02862,2023-07-13,34,Other,VA
CUST00356,2023-10-30,52,Male,NC
CUST02154,2024-04-14,34,Other,FL
CUST00624,2023-08-18,20,Other,NC
CUST01357,2023-12-17,35,Male,GA
CUST00922,2024-02-12,68,Male,VA
CUST00470,2023-07-11,46,Other,CA
CUST01197,2023-10-03,27,Other,PA
CUST00537,2023-07-20,33,Other,CO
CUST01296,2022-07-05,67,Female,AZ
CUST00542,2022-11-12,69,Male,IL
CUST00655,2023-01-08,65,Other,VA
CUST00353,2023-07-18,50,Male,MA
CUST00330,2023-02-17,66,Other,CO
CUST00471,2023-12-22,56,Male,OH
CUST00897,2023-04-11,42,Male,OH
CUST01535,2022-09-08,62,Other,PA
CUST00948,2024-03-07,70,Male,NY
CUST00742,2024-01-06,61,Other,NY
CUST00084,2024-05-25,50,Male,PA
CUST02979,2022-10-14,57,Male,CA
CUST02009,2023-10-11,70,Male,TX
CUST02443,2024-05-09,68,Female,GA
CUST00992,2023-03-07,69,Other,NY
CUST01212,2023-09-01,29,Other,OH
CUST00893,2022-09-24,42,Other,TX
CUST01322,2022-02-07,56,Female,FL
CUST02852,2023-10-29,60,Male,WA
CUST00385,2023-07-24,64,Female,FL
CUST00060,2022-02-14,51,Other,MA
CUST00127,2024-04-04,63,Female,MA
CUST02109,2023-03-04,36,Male,OH
CUST02368,2022-10-19,24,Other,MI
CUST00710,2022-06-23,36,Female,GA
CUST02366,2023-03-31,55,Female,TX
CUST01749,2023-02-22,37,Other,CO
CUST02251,2023-06-20,23,Female,PA
CUST02989,2024-03-24,66,Male,IL
CUST02871,2023-02-20,70,Male,FL
CUST02070,2022-05-21,67,Other,OH
CUST02362,2023-01-09,27,Female,MA
CUST01932,2024-04-11,19,Other,IL
CUST02650,2022-03-18,55,Male,MA
CUST01205,2023-07-20,45,Other,VA
CUST00196,2022-06-11,44,Female,GA
CUST02031,2024-02-12,62,Other,MI
CUST01828,2022-02-23,35,Male,PA
CUST00616,2024-05-13,64,Male,NC
CUST01527,2022-11-29,33,Male,MI
CUST01727,2022-04-10,21,Female,FL
CUST02654,2023-01-08,30,Other,VA
CUST00604,2023-02-13,47,Female,IL
CUST01541,2022-07-04,56,Female,GA
CUST00687,2023-02-20,31,Male,WA
CUST00682,2024-02-06,32,Male,WA
CUST00242,2023-05-13,47,Male,NY
CUST01477,2024-06-10,24,Female,OH
CUST00753,2024-05-31,53,Other,PA
CUST02157,2022-04-16,64,Female,WA
CUST01868,2022-03-24,63,Male,MI
CUST02600,2023-02-14,39,Other,MA
CUST00974,2023-09-07,68,Female,TX
CUST01188,2022-11-09,26,Male,AZ
CUST01048,2023-12-20,66,Other,NY
CUST02089,2023-11-16,58,Male,NY
CUST00822,2023-12-25,56,Other,MA
CUST01468,2024-05-15,62,Female,PA
CUST00847,2022-11-02,57,Other,OH
CUST01792,2023-07-22,35,Other,CO
CUST02349,2022-06-07,35,Other,PA
CUST00351,2024-06-01,21,Other,NY
CUST02299,2023-01-21,44,Female,NY
CUST02346,2022-05-15,43,Male,CO
CUST02130,2023-06-21,27,Other,FL
CUST01929,2024-02-02,64,Other,MI
CUST01995,2024-02-20,69,Male,NY
CUST02844,2024-06-03,39,Female,FL
CUST00593,2023-04-17,62,Other,MI
CUST00080,2022-08-22,44,Female,CA
CUST02354,2024-02-29,62,Male,WA
CUST00450,2022-01-10,40,Female,GA
CUST00984,2023-11-09,67,Other,CA
CUST00876,2022-05-11,29,Male,CO
CUST02018,2022-12-16,40,Other,CO
CUST01098,2022-11-20,62,Male,VA
CUST00681,2023-11-25,58,Male,NC
CUST02535,2022-12-20,31,Female,CO
CUST02212,2024-05-25,39,Male,OH
CUST01920,2023-12-05,39,Female,TX
CUST02235,2023-04-07,18,Other,IL
CUST00663,2024-05-18,26,Other,NC
CUST02712,2022-10-20,41,Other,CA
CUST00583,2023-12-20,37,Other,FL
CUST00568,2022-01-26,56,Male,OH
CUST02900,2022-11-23,29,Other,OH
CUST01221,2024-05-30,57,Male,GA
CUST01546,2024-06-10,36,Female,TX
CUST00020,2022-08-12,65,Male,AZ
CUST02289,2023-11-03,52,Other,NC
CUST01271,2023-09-11,41,Other,OH
CUST02960,2023-01-10,51,Other,GA
CUST02403,2023-10-19,35,Male,IL
CUST02435,2022-08-30,65,Other,OH
CUST01558,2023-04-16,56,Male,OH
CUST00278,2022-12-13,48,Female,GA
CUST00994,2023-05-17,62,Female,IL
CUST00437,2024-01-04,19,Male,NC
CUST01681,2023-07-25,49,Male,CO
CUST01626,2023-11-29,33,Other,WA
CUST02546,2022-05-17,50,Female,MA
CUST00654,2022-07-21,59,Male,NY
CUST02075,2022-05-03,41,Other,MI
CUST02041,2023-09-14,37,Male,MI
CUST00401,2022-02-21,21,Male,NY
CUST02190,2023-04-26,39,Male,MI
CUST02275,2022-09-16,34,Other,NC
CUST01989,2023-12-12,32,Other,WA
CUST00634,2023-03-23,64,Other,CO
CUST02399,2022-05-22,33,Female,AZ
CUST00865,2022-01-30,24,Male,AZ
CUST00177,2023-04-25,21,Female,CA
CUST00688,2023-07-16,50,Male,WA
CUST00747,2022-09-07,66,Male,FL
CUST00516,2024-02-29,45,Male,CA
CUST02652,2023-10-15,22,Female,GA
CUST00692,2022-10-21,57,Other,MI
CUST00066,2022-03-22,27,Female,OH
CUST00207,2022-04-19,21,Male,VA
CUST01534,2022-05-30,67,Male,MI
CUST00393,2022-03-01,55,Female,NY
CUST02861,2023-10-05,24,Male,MA
CUST01525,2022-01-30,59,Other,MA
CUST01415,2022-10-17,19,Female,OH
CUST02835,2023-11-06,44,Other,WA
CUST01138,2023-05-18,46,Other,IL
CUST02838,2023-09-12,20,Male,IL
CUST00394,2023-08-17,22,Other,FL
CUST02441,2022-11-23,21,Male,AZ
CUST01963,2024-05-17,69,Female,NY
CUST02393,2023-03-05,62,Male,MI
CUST01588,2023-01-03,58,Male,VA
CUST02309,2023-12-03,63,Female,MI
CUST00326,2023-11-01,44,Male,GA
CUST01691,2023-01-13,64,Male,AZ
CUST00596,2024-04-20,31,Other,FL
CUST02373,2022-08-28,68,Male,OH
CUST02262,2023-09-05,59,Female,OH
CUST02739,2023-12-30,36,Other,CO
CUST01290,2022-06-29,34,Female,VA
CUST02519,2023-06-04,69,Other,GA
CUST00958,2023-01-20,38,Other,GA
CUST01191,2022-03-03,33,Female,FL
CUST02425,2022-08-16,64,Other,VA
CUST00938,2023-12-18,43,Female,WA
CUST02846,2022-03-25,18,Female,AZ
CUST02653,2023-02-20,48,Female,AZ
CUST01590,2022-10-30,50,Other,CO
CUST01600,2024-06-04,57,Other,GA
CUST02938,2022-09-04,48,Male,NY
CUST01349,2024-02-18,33,Other,MA
CUST02568,2022-02-07,37,Male,GA
CUST01241,2024-04-26,28,Male,GA
CUST01717,2022-11-06,64,Other,MA
CUST01178,2022-08-20,29,Male,NC
CUST01788,2022-07-30,49,Other,OH
CUST00923,2022-02-01,22,Other,IL
CUST00417,2024-06-01,46,Female,TX
CUST00463,2024-06-19,19,Male,CO
CUST01313,2023-02-26,31,Female,IL
CUST01917,2022-09-19,26,Other,WA
CUST00297,2022-09-01,62,Male,CA
CUST02465,2022-09-20,30,Female,OH
CUST00915,2022-12-25,22,Female,VA
CUST02232,2023-05-29,27,Other,WA
CUST01341,2022-07-12,59,Male,MI
CUST02909,2022-02-21,69,Other,GA
CUST01320,2024-02-18,52,Other,GA
CUST01356,2023-03-25,58,Female,GA
CUST02113,2022-01-22,18,Male,GA
CUST02348,2023-01-21,38,Female,IL
CUST02707,2022-09-24,18,Male,PA
CUST00166,2022-06-06,35,Other,WA
CUST00029,2023-12-20,54,Other,MA
CUST01508,2023-10-09,46,Female,OH
CUST02456,2022-05-23,30,Male,OH
CUST01010,2024-04-07,45,Male,WA
CUST00430,2023-08-21,43,Other,MA
CUST01166,2023-07-31,58,Other,MA
CUST00222,2023-06-28,68,Other,CA
CUST02015,2023-01-21,54,Other,CO
CUST01609,2022-10-21,27,Male,OH
CUST01286,2023-08-14,33,Female,VA
CUST00382,2023-12-15,61,Other,FL
CUST02659,2022-06-13,51,Female,PA
CUST02482,2023-03-06,48,Other,CO
CUST01684,2024-03-20,41,Other,VA
CUST02306,2023-12-21,37,Male,NC
CUST01769,2022-07-14,32,Male,MA
CUST02506,2023-08-08,59,Female,MI
CUST01146,2023-03-28,35,Other,MI
CUST01778,2023-10-17,60,Female,PA
CUST02100,2022-03-21,32,Female,CA
CUST00547,2023-01-02,44,Other,MI
CUST02527,2023-02-01,63,Male,CO
CUST00220,2023-07-07,20,Female,FL
CUST02656,2024-03-31,25,Female,NY
CUST02491,2023-09-04,23,Male,NC
CUST01234,2023-03-12,44,Female,IL
CUST00239,2022-03-22,49,Other,CO
CUST02833,2022-06-07,40,Female,CA
CUST00550,2022-09-13,26,Other,MA
CUST00715,2023-11-11,61,Male,CA
CUST02063,2023-09-06,38,Male,GA
CUST00284,2022-08-14,33,Other,CA
CUST00116,2023-07-25,57,Other,FL
CUST01644,2022-12-01,62,Other,WA
CUST00721,2024-02-09,51,Other,MI
CUST01598,2022-01-09,52,Other,FL
CUST00859,2022-08-14,58,Male,IL
CUST02233,2022-06-04,21,Female,NY
CUST00997,2023-01-06,68,Male,WA
CUST02200,2022-03-17,57,Female,VA
CUST01856,2022-02-01,69,Male,NY
CUST02606,2023-05-24,58,Male,NC
CUST01201,2022-03-25,56,Female,GA
CUST01767,2023-02-12,44,Female,AZ
CUST01143,2022-10-19,63,Female,MA
CUST00588,2024-05-29,25,Female,TX
CUST01485,2023-10-01,70,Other,OH
CUST01187,2023-03-16,61,Male,CA
CUST02342,2022-12-11,22,Other,OH
CUST01238,2023-10-26,63,Other,IL
CUST01231,2023-11-09,50,Other,GA
CUST00629,2023-03-21,19,Male,PA
CUST02632,2023-09-10,32,Male,TX
CUST02687,2023-08-11,66,Female,FL
CUST00462,2022-03-12,67,Male,FL
CUST00403,2023-05-04,48,Other,AZ
CUST01970,2024-02-20,19,Other,IL
CUST01258,2023-12-18,65,Other,CA
CUST01852,2023-06-18,34,Male,MA
CUST02764,2023-09-19,19,Other,OH
CUST00950,2022-06-17,56,Female,CO
CUST01355,2022-10-22,54,Male,WA
CUST01283,2023-11-20,65,Male,PA
CUST00190,2024-02-27,61,Female,MI
CUST01284,2024-04-21,59,Female,FL
CUST02997,2023-06-06,32,Female,VA
CUST01878,2023-07-16,29,Male,MA
CUST00249,2022-05-12,64,Male,MA
CUST02803,2022-05-08,18,Other,IL
CUST01750,2022-10-14,65,Male,NY
CUST01434,2023-04-12,41,Other,MA
CUST01961,2023-05-09,30,Female,GA
CUST02856,2023-03-03,67,Other,FL
CUST00145,2022-05-23,43,Male,TX
CUST02647,2023-10-17,21,Other,IL
CUST02319,2022-11-13,25,Female,OH
CUST00508,2022-04-05,35,Other,IL
CUST01984,2023-07-25,35,Male,GA
CUST01359,2022-05-05,44,Male,IL
CUST02211,2024-06-03,24,Male,MI
CUST00241,2024-01-20,50,Other,CA
CUST00763,2023-04-21,59,Other,CA
CUST02228,2022-07-12,43,Male,OH
CUST01974,2024-04-06,40,Male,OH
CUST00380,2022-10-20,53,Other,OH
CUST00149,2023-07-06,69,Other,WA
CUST00315,2022-04-10,41,Female,FL
CUST00300,2023-05-13,60,Male,FL
CUST00280,2023-08-26,33,Other,FL
CUST02643,2022-12-28,36,Other,CO
CUST02379,2023-04-26,42,Male,CA
CUST00157,2022-08-13,46,Male,AZ
CUST01362,2023-09-16,22,Male,MA
CUST01190,2023-09-28,25,Male,CO
CUST02149,2022-12-24,31,Male,MI
CUST00531,2022-06-02,37,Female,WA
CUST02445,2023-10-28,22,Other,GA
CUST02012,2024-02-04,21,Other,CA
CUST01121,2023-01-05,53,Other,MA
CUST02459,2023-04-26,33,Other,CA
CUST01354,2022-05-15,27,Female,IL
CUST00912,2024-02-07,35,Male,NY
CUST00617,2023-07-04,48,Other,VA
CUST00611,2022-12-26,50,Female,PA
CUST01933,2022-05-14,42,Female,NY
CUST00337,2022-07-16,33,Female,OH
CUST02421,2022-05-31,67,Male,FL
CUST00397,2022-03-04,40,Male,GA
CUST00117,2022-08-13,48,Other,NY
CUST02224,2023-04-06,37,Female,FL
CUST01501,2023-05-15,31,Other,MA
CUST00185,2022-04-28,44,Other,TX
CUST01119,2022-10-31,28,Other,MA
CUST00684,2023-09-23,63,Male,OH
CUST02034,2023-11-22,54,Male,OH
CUST00295,2022-03-14,59,Other,PA
CUST01489,2022-03-24,61,Male,MI
CUST02710,2022-08-08,30,Male,NY
CUST02768,2023-02-12,25,Male,CO
CUST01394,2022-05-29,31,Male,IL
CUST01063,2023-05-03,54,Female,VA
CUST00773,2023-11-15,54,Female,CA
CUST01288,2024-02-21,20,Female,TX
CUST01152,2023-05-05,54,Male,WA
CUST00734,2024-05-20,41,Female,MA
CUST02627,2022-12-02,29,Female,MA
CUST00248,2022-05-09,28,Other,OH
CUST00522,2023-03-29,60,Female,AZ
CUST01095,2022-05-04,24,Female,IL
CUST01042,2022-12-30,20,Female,MA
CUST02257,2023-02-01,48,Female,OH
CUST02922,2022-11-17,55,Male,NY
CUST00534,2024-05-04,66,Male,WA
CUST01085,2024-02-03,40,Male,NY
CUST02867,2022-09-08,34,Male,AZ
CUST01420,2023-08-17,18,Other,MI
CUST02111,2022-04-28,29,Other,CO
CUST02809,2022-11-27,51,Male,CA
CUST02982,2023-11-28,59,Female,PA
CUST00110,2022-06-17,64,Male,GA
CUST00254,2022-09-29,29,Male,TX
CUST02353,2023-12-11,68,Other,MA
CUST02442,2022-04-12,50,Male,AZ
CUST01705,2022-01-26,29,Male,TX
CUST01539,2023-11-30,31,Other,MA
CUST02841,2023-08-01,31,Male,CA
CUST01447,2022-11-22,59,Male,OH
CUST01204,2022-06-27,42,Other,NY
CUST02372,2023-04-05,24,Other,TX
CUST02145,2023-06-28,39,Other,MI
CUST00321,2023-04-24,27,Male,NY
CUST02497,2022-09-05,54,Other,TX
CUST01552,2023-08-21,49,Other,IL
CUST00499,2023-12-05,38,Female,NY
CUST01424,2022-06-02,26,Other,IL
CUST00359,2022-01-16,38,Male,CO
CUST02936,2023-06-02,64,Male,CA
CUST00318,2022-12-29,32,Other,FL
CUST02378,2024-03-14,34,Female,TX
CUST00392,2022-08-11,31,Male,OH
CUST01884,2022-10-29,53,Other,MA
CUST00357,2023-07-08,27,Other,TX
CUST02090,2024-04-05,49,Other,NC
CUST01789,2022-03-12,21,Male,CA
CUST00772,2023-04-21,62,Male,NY
CUST01294,2023-03-29,46,Male,IL
CUST01847,2022-02-14,67,Female,AZ
CUST02883,2022-12-15,66,Other,AZ
CUST01560,2023-11-14,51,Male,IL
CUST00979,2024-03-12,30,Male,CA
CUST01454,2023-11-11,22,Other,WA
CUST00107,2023-07-01,40,Male,WA
CUST01786,2024-03-16,33,Male,VA
CUST02828,2023-05-30,30,Female,IL
CUST00716,2023-10-11,45,Female,NY
CUST01937,2023-07-30,40,Female,MI
CUST01848,2024-01-15,31,Female,PA
CUST02371,2024-03-13,67,Other,WA
CUST02965,2023-02-15,24,Other,MA
CUST02011,2022-04-04,65,Other,NC
CUST02326,2022-08-20,30,Other,IL
CUST00324,2022-02-25,56,Female,CO
CUST01559,2022-09-19,22,Male,OH
CUST01887,2023-09-12,47,Female,GA
CUST01006,2023-06-19,34,Other,TX
CUST01877,2023-08-23,70,Female,WA
CUST00591,2022-07-24,48,Other,AZ
CUST01395,2023-01-28,49,Male,AZ
CUST01809,2023-07-08,43,Other,PA
CUST01193,2024-01-28,25,Other,NC
CUST02998,2023-02-16,53,Male,AZ
CUST02447,2024-03-21,63,Male,VA
CUST02635,2022-06-20,65,Male,CA
CUST02911,2023-01-29,59,Female,OH
CUST02062,2023-02-09,69,Female,NY
CUST02708,2023-12-22,20,Male,CA
CUST01771,2024-05-18,40,Female,FL
CUST00782,2024-01-07,60,Male,CO
CUST00740,2023-08-13,32,Other,PA
CUST01923,2022-04-04,47,Male,IL
CUST00041,2022-06-13,68,Other,OH
CUST00661,2022-11-18,40,Male,OH
CUST00431,2023-08-02,51,Male,MA
CUST02121,2023-01-06,56,Male,GA
CUST01257,2022-11-08,54,Female,NY
CUST02577,2023-06-12,69,Male,IL
CUST02049,2022-12-20,32,Other,CO
CUST02711,2023-09-19,64,Male,MA
CUST01455,2024-03-22,26,Male,IL
CUST02026,2023-09-03,62,Female,MA
CUST01198,2022-08-05,50,Other,AZ
CUST01910,2023-03-02,22,Other,FL
CUST01553,2022-05-27,42,Other,OH
CUST01111,2023-08-27,61,Other,TX
CUST00527,2022-01-10,62,Female,PA
CUST01088,2022-12-27,47,Male,CO
CUST00799,2024-02-24,33,Male,CO
CUST02642,2024-06-09,55,Female,FL
CUST01977,2023-07-29,68,Other,MA
CUST01895,2023-10-29,67,Female,VA
CUST02517,2023-06-04,29,Other,GA
CUST01954,2022-12-27,48,Other,FL
CUST01751,2022-02-03,57,Female,PA
CUST00589,2023-04-27,65,Male,WA
CUST02719,2022-03-17,61,Other,PA
CUST00538,2022-06-01,32,Male,AZ
CUST00049,2022-12-11,59,Female,CA
CUST01579,2022-11-06,18,Other,VA
CUST00113,2022-10-04,69,Male,WA
CUST01478,2023-11-02,24,Other,IL
CUST02822,2022-05-09,25,Female,NC
CUST01174,2023-09-13,40,Female,VA
CUST02853,2022-08-04,49,Female,NC
CUST00620,2022-04-29,31,Other,AZ
CUST01060,2024-02-16,53,Other,AZ
CUST02971,2023-07-21,40,Male,IL
CUST01021,2024-05-22,62,Male,VA
CUST01591,2023-12-18,67,Other,OH
CUST02422,2024-04-30,70,Male,OH
CUST01758,2024-05-25,67,Other,WA
CUST00261,2024-02-13,61,Male,WA
CUST00559,2024-02-07,41,Other,CO
CUST01615,2022-12-27,66,Other,TX
CUST02437,2022-03-25,66,Female,TX
CUST02322,2022-12-16,29,Male,WA
CUST00307,2023-04-30,50,Other,MA
CUST00833,2024-05-02,46,Female,WA
CUST02796,2024-02-26,48,Female,NC
CUST02597,2024-03-29,54,Female,GA
CUST01875,2023-10-02,37,Male,MA
CUST01709,2023-09-17,63,Male,MA
CUST01446,2022-02-14,45,Female,PA
CUST01219,2022-10-17,38,Male,NC
CUST00099,2022-10-01,51,Other,OH
CUST01383,2022-10-26,58,Other,NC
CUST02377,2024-04-08,44,Female,OH
CUST02214,2023-09-22,30,Male,OH
CUST02994,2022-05-28,35,Female,MA
CUST01266,2023-09-05,25,Other,WA
CUST02657,2024-02-07,61,Female,WA
CUST01673,2022-08-20,54,Other,VA
CUST01115,2022-10-17,33,Male,MA
CUST02472,2023-06-25,58,Male,NC
CUST02315,2023-06-05,54,Female,NC
CUST01835,2022-03-07,55,Male,VA
CUST00781,2024-04-14,54,Female,GA
CUST01983,2023-10-21,42,Other,MI
CUST02824,2022-11-07,24,Male,AZ
CUST00766,2022-09-13,54,Female,GA
CUST02972,2022-10-23,60,Male,CO
CUST02071,2024-02-22,25,Other,IL
CUST01627,2024-05-08,23,Other,MI
CUST01385,2023-12-24,62,Female,VA
CUST01842,2022-04-22,38,Female,OH
CUST01862,2023-12-04,56,Other,CA
CUST00045,2022-10-12,19,Other,PA
CUST00299,2023-11-17,21,Male,FL
CUST00843,2023-01-25,60,Male,CA
CUST02904,2022-10-01,47,Other,MA
CUST01173,2023-03-03,25,Other,TX
CUST01551,2023-05-25,33,Male,MA
CUST02706,2024-03-04,42,Male,WA
CUST02533,2024-03-18,47,Female,GA
CUST01510,2022-10-22,23,Other,GA
CUST01960,2023-11-04,44,Female,AZ
CUST02126,2022-09-07,58,Male,NY
CUST00441,2023-02-10,64,Male,OH
CUST01969,2022-04-28,68,Male,VA
CUST02629,2022-10-30,39,Female,MI
CUST02454,2023-12-14,19,Other,VA
CUST01297,2023-08-23,69,Female,MA
CUST01661,2023-05-09,64,Female,CA
CUST01832,2023-06-23,26,Female,CO
CUST00338,2022-07-14,61,Female,IL
CUST00828,2023-07-10,38,Female,TX
CUST02304,2022-05-11,33,Female,VA
CUST00659,2022-12-05,64,Male,CA
CUST02780,2022-11-21,21,Other,WA
CUST00989,2022-12-16,63,Female,AZ
CUST00288,2023-10-09,39,Male,GA
CUST01236,2023-07-12,49,Male,MI
CUST00490,2023-07-21,70,Other,FL
CUST00609,2024-03-02,34,Male,CA
CUST00070,2023-10-06,20,Other,GA
CUST00008,2022-05-23,51,Male,GA
CUST02906,2022-09-11,42,Female,VA
CUST01350,2022-02-22,66,Female,GA
CUST00322,2024-06-03,47,Male,WA
CUST00622,2022-09-25,38,Other,WA
CUST02921,2024-01-09,44,Other,NC
CUST02312,2023-10-24,54,Other,TX
CUST01569,2023-03-29,52,Female,CA
CUST00413,2022-03-12,59,Other,MI
CUST02187,2022-06-04,34,Female,PA
CUST01913,2022-11-17,30,Other,CO
CUST01807,2022-05-29,58,Male,GA
CUST02219,2023-08-18,64,Male,VA
CUST00059,2024-04-06,28,Other,MA
CUST00678,2023-03-07,18,Male,MA
CUST02329,2022-03-21,45,Male,MI
CUST02784,2023-04-23,24,Other,CO
CUST02860,2023-05-25,64,Female,WA
CUST01289,2024-02-14,46,Male,FL
CUST02819,2023-10-13,57,Other,IL
CUST00316,2023-11-06,57,Female,IL
CUST01104,2022-07-09,69,Female,NY
CUST01028,2024-02-08,69,Other,AZ
CUST01819,2023-01-02,34,Male,TX
CUST00015,2023-08-28,57,Other,MI
CUST02509,2023-11-12,19,Female,GA
CUST01581,2023-01-29,31,Male,GA
CUST02450,2022-02-09,26,Male,FL
CUST01587,2023-08-09,36,Other,MI
CUST01123,2022-11-06,47,Female,CA
CUST02995,2022-07-23,21,Male,OH
CUST02799,2023-05-30,31,Female,FL
CUST00125,2024-04-21,67,Female,OH
CUST01865,2023-12-31,38,Other,WA
CUST00557,2023-02-21,23,Male,PA
CUST00921,2022-02-11,48,Other,VA
CUST00514,2022-01-04,58,Female,AZ
CUST00949,2024-04-18,59,Other,GA
CUST00021,2022-08-27,37,Other,IL
CUST02226,2023-08-09,24,Male,OH
CUST01156,2023-02-15,29,Male,NY
CUST01979,2024-04-18,40,Male,CA
CUST02138,2022-12-08,58,Other,VA
CUST02949,2023-11-20,63,Female,MI
CUST01577,2023-04-13,55,Male,FL
CUST00427,2022-03-25,25,Female,IL
CUST02925,2022-06-13,54,Other,GA
CUST00482,2023-11-11,31,Male,GA
CUST01657,2024-04-30,26,Male,NC
CUST00253,2022-06-19,63,Other,GA
CUST02020,2023-01-14,29,Male,MI
CUST01114,2023-09-04,65,Male,MA
CUST02840,2024-05-12,49,Other,AZ
CUST01054,2022-03-29,24,Female,VA
CUST02025,2023-08-05,65,Other,AZ
CUST02874,2022-03-16,36,Male,NC
CUST01675,2023-11-24,22,Other,CO
CUST02387,2024-02-27,35,Male,WA
CUST00144,2022-09-29,42,Other,OH
CUST02648,2024-03-21,58,Female,AZ
CUST00161,2022-04-04,48,Other,TX
CUST02276,2024-01-12,32,Male,PA
CUST01997,2022-12-14,51,Female,PA
CUST00156,2023-01-06,40,Other,NY
CUST00308,2022-09-06,63,Other,NC
CUST01514,2023-03-21,25,Male,TX
CUST00705,2023-06-08,19,Other,IL
CUST00331,2024-01-16,52,Female,CA
CUST02285,2023-11-11,23,Female,GA
CUST02189,2022-03-11,22,Other,WA
CUST01002,2022-06-06,26,Other,IL
CUST01669,2023-04-25,51,Male,TX
CUST02117,2023-09-25,67,Male,AZ
CUST02400,2024-06-12,21,Female,WA
CUST02305,2023-11-18,48,Male,FL
CUST01310,2024-05-28,57,Other,OH
CUST01372,2022-04-06,41,Male,TX
CUST02050,2023-03-17,19,Male,GA
CUST01825,2022-01-17,38,Other,OH
CUST01616,2022-08-13,59,Male,WA
CUST00892,2022-02-21,38,Male,PA
CUST02229,2022-11-26,54,Female,IL
CUST00366,2023-05-13,55,Male,OH
CUST00081,2024-03-02,62,Male,WA
CUST00277,2022-03-07,26,Other,NC
CUST01448,2024-02-02,23,Male,PA
CUST02776,2024-04-23,34,Other,PA
CUST01993,2022-10-07,35,Male,CA
CUST00305,2023-08-08,43,Female,PA
CUST02204,2022-02-08,45,Male,IL
CUST01175,2023-09-03,40,Female,MI
CUST00083,2022-03-23,44,Female,TX
CUST00900,2024-02-19,64,Other,OH
CUST01416,2024-01-14,25,Other,IL
CUST01309,2022-04-18,28,Male,MI
CUST00778,2024-02-13,61,Other,WA
CUST00699,2022-11-26,19,Female,GA
CUST02174,2023-08-01,54,Other,CA
CUST02195,2022-10-09,22,Other,CO
CUST00998,2023-10-13,68,Female,CO
CUST01203,2022-09-03,54,Other,TX
CUST02143,2023-10-11,58,Male,MI
CUST01129,2022-02-16,29,Male,NC
CUST00533,2022-02-06,29,Other,VA
CUST00754,2024-02-28,48,Male,NY
CUST02357,2022-06-19,51,Other,MA
CUST01035,2022-01-30,33,Female,VA
CUST00086,2024-06-06,57,Male,VA
CUST01157,2023-05-19,41,Other,VA
CUST01507,2022-08-29,61,Female,PA
CUST00621,2024-06-17,41,Other,NC
CUST02981,2023-10-01,18,Female,NC
CUST01399,2024-02-04,39,Male,TX
CUST00910,2023-04-27,35,Male,MA
CUST01274,2022-04-04,66,Other,MI
CUST00407,2022-06-11,29,Female,IL
CUST01621,2023-11-26,62,Other,VA
CUST00803,2023-10-04,52,Other,NC
CUST00214,2023-09-16,65,Other,MI
CUST02104,2023-03-16,29,Female,GA
CUST00626,2022-02-09,32,Other,IL
CUST02237,2024-04-10,23,Other,MA
CUST01959,2022-06-08,26,Male,IL
CUST02385,2023-03-28,20,Other,OH
CUST00024,2022-01-28,50,Male,TX
CUST02663,2023-09-15,27,Other,VA
CUST01195,2024-02-21,41,Other,AZ
CUST01775,2023-11-10,39,Other,IL
CUST02676,2023-08-04,49,Male,NC
CUST02618,2023-03-17,24,Female,CA
CUST00314,2022-04-07,36,Other,WA
CUST01452,2023-01-26,31,Female,FL
CUST00615,2023-11-27,69,Male,NC
CUST01599,2023-08-03,52,Male,PA
CUST00717,2023-09-27,69,Other,PA
CUST02433,2023-05-30,70,Male,NY
CUST02321,2022-08-08,46,Other,GA
CUST00293,2024-05-30,18,Female,MA
CUST02127,2023-03-23,54,Male,TX
CUST02927,2023-06-12,46,Other,AZ
CUST02964,2022-02-16,57,Male,NY
CUST02192,2023-10-09,42,Female,PA
CUST02641,2024-01-15,34,Male,VA
CUST02551,2024-04-13,56,Other,MI
CUST00521,2024-01-30,59,Female,VA
CUST02358,2024-01-09,68,Female,IL
CUST02476,2022-10-23,33,Male,OH
CUST02829,2023-10-19,67,Male,WA
CUST00023,2023-09-09,39,Male,CA
CUST02165,2024-02-17,44,Male,TX
CUST00325,2023-11-21,41,Female,GA
CUST01052,2023-06-14,24,Male,NC
CUST01693,2024-02-06,32,Male,CO
CUST01263,2023-05-21,50,Other,OH
CUST02797,2022-05-13,62,Female,NC
CUST02172,2023-04-21,48,Female,PA
CUST01713,2023-10-13,32,Female,VA
CUST00863,2023-03-23,38,Male,TX
CUST02939,2022-08-09,49,Female,NC
CUST02153,2023-10-23,40,Other,TX
CUST01367,2022-11-15,43,Other,MA
CUST01078,2023-08-19,24,Female,CO
CUST00244,2022-03-12,30,Male,MA
CUST00649,2023-12-05,34,Other,IL
CUST02933,2022-01-24,57,Other,FL
CUST00425,2022-02-10,59,Male,FL
CUST00134,2024-06-16,40,Other,MA
CUST00736,2022-03-16,47,Male,NY
CUST00228,2022-04-25,18,Female,IL
CUST02695,2022-09-13,66,Female,NY
CUST02818,2022-07-21,64,Other,MA
CUST02475,2024-03-05,19,Male,GA
CUST02146,2023-06-07,46,Female,CA
CUST02940,2023-08-21,25,Male,PA
CUST00729,2022-01-26,40,Female,VA
CUST01036,2023-05-22,60,Female,NY
CUST02868,2024-04-04,47,Other,OH
CUST00610,2022-10-13,41,Other,TX
CUST00345,2023-04-19,51,Male,CA
CUST02760,2023-04-24,64,Male,MI
CUST01784,2022-09-07,31,Other,VA
CUST01953,2022-11-16,53,Other,FL
CUST02171,2023-05-21,24,Female,VA
CUST00696,2023-08-17,48,Female,VA
CUST02308,2024-01-27,43,Male,IL
CUST00047,2022-08-09,48,Female,OH
CUST00555,2023-07-28,39,Female,MI
CUST02622,2023-07-13,34,Male,GA
CUST00709,2024-01-24,52,Male,FL
CUST01124,2022-01-15,32,Female,FL
CUST01935,2022-03-03,45,Other,PA
CUST01682,2023-01-10,54,Female,TX
CUST01457,2023-10-30,32,Male,TX
CUST02253,2022-06-12,25,Female,FL
CUST01324,2022-04-01,28,Male,NY
CUST02471,2023-09-16,43,Female,AZ
CUST02152,2024-04-18,22,Female,CO
CUST00090,2023-04-10,21,Male,GA
CUST00506,2024-05-16,44,Male,GA
CUST01718,2023-10-27,38,Other,AZ
CUST00405,2024-05-23,36,Other,WA
CUST00178,2023-06-26,60,Male,NY
CUST00884,2022-01-28,19,Other,MI
CUST02767,2022-11-13,28,Other,FL
CUST01228,2024-03-21,70,Male,CA
CUST00486,2022-09-28,26,Female,VA
CUST02879,2023-03-02,45,Female,PA
CUST00052,2023-01-25,55,Other,MA
CUST00903,2022-10-12,54,Other,IL
CUST02118,2023-04-17,54,Other,NC
CUST01803,2023-09-03,55,Female,VA
CUST01346,2023-05-26,27,Male,WA
CUST01965,2022-12-25,33,Other,VA
CUST01695,2022-09-26,50,Female,NC
CUST00339,2023-07-04,66,Male,PA
CUST02365,2022-09-01,55,Other,NY
CUST00375,2023-02-04,50,Male,PA
CUST00809,2022-10-20,68,Male,VA
CUST00101,2023-12-01,38,Male,FL
CUST02073,2022-10-24,41,Other,CO
CUST02318,2023-01-07,27,Female,OH
CUST02247,2023-12-26,31,Male,PA
CUST01999,2022-01-07,67,Female,OH
CUST01410,2024-03-17,20,Male,NC
CUST02424,2022-04-04,35,Female,WA
CUST02323,2024-02-24,28,Male,AZ
CUST02793,2023-10-18,25,Other,AZ
CUST00073,2023-01-06,25,Female,NC
CUST02370,2024-02-06,54,Female,VA
CUST01391,2022-09-07,31,Male,GA
CUST01840,2023-06-10,46,Other,TX
CUST00233,2022-11-11,39,Other,AZ
CUST02782,2022-03-17,21,Other,MA
CUST02397,2024-03-31,39,Other,AZ
CUST02303,2024-04-12,54,Other,IL
CUST02649,2022-02-28,55,Male,GA
CUST01427,2023-05-11,28,Female,CA
CUST02771,2023-05-06,59,Male,MA
CUST00510,2023-03-10,53,Female,AZ
CUST01409,2022-12-15,21,Other,GA
CUST02169,2024-03-02,52,Other,CO
CUST02277,2024-05-22,35,Female,GA
CUST00826,2023-02-22,43,Other,FL
CUST00834,2023-03-07,49,Female,TX
CUST00306,2023-08-14,61,Male,VA
CUST02279,2023-09-10,21,Other,FL
CUST01168,2022-03-29,56,Female,MI
CUST01390,2023-04-29,43,Female,NY
CUST00637,2022-04-29,27,Other,CO
CUST02249,2023-03-26,58,Female,TX
CUST00013,2023-07-13,26,Female,OH
CUST02136,2022-12-14,38,Other,AZ
CUST00477,2022-01-09,20,Female,NC
CUST01850,2024-06-06,37,Male,AZ
CUST02790,2024-04-28,44,Female,OH
CUST02376,2022-11-13,40,Other,CA
CUST02314,2023-03-10,69,Other,CA
CUST01301,2023-05-19,65,Female,MA
CUST00936,2022-08-12,37,Other,IL
CUST02161,2022-06-27,46,Male,CA
CUST00541,2022-02-12,27,Other,CA
CUST01710,2022-08-15,65,Other,MA
CUST00718,2022-12-10,29,Male,IL
CUST01760,2022-04-12,64,Female,MI
CUST01074,2023-12-10,27,Other,TX
CUST00996,2023-03-20,70,Other,OH
CUST01833,2022-04-27,67,Male,VA
CUST01957,2023-06-04,35,Male,MA
CUST00554,2024-03-09,31,Other,TX
CUST01762,2023-01-12,66,Other,VA
CUST02575,2022-11-20,69,Other,PA
CUST00102,2023-10-26,29,Other,IL
CUST01703,2022-08-28,42,Female,GA
CUST01412,2022-10-01,58,Other,NY
CUST00883,2023-11-10,24,Female,MI
CUST01428,2022-12-20,35,Female,MI
CUST01071,2022-10-29,55,Male,OH
CUST02428,2022-12-24,59,Female,FL
CUST01719,2023-02-23,35,Other,AZ
CUST02199,2023-06-04,56,Female,FL
CUST02762,2023-07-19,31,Other,NY
CUST00055,2024-05-17,64,Female,OH
CUST00002,2022-04-25,20,Male,CO
CUST01488,2023-10-28,59,Other,PA
CUST02495,2023-06-12,21,Other,PA
CUST01677,2023-11-22,47,Female,CO
CUST00760,2024-04-03,23,Other,IL
CUST02817,2022-09-14,50,Female,VA
CUST00434,2022-09-25,32,Other,CO
CUST01335,2023-11-05,26,Female,OH
CUST01207,2022-06-10,49,Female,OH
CUST00870,2024-03-28,41,Male,MA
CUST00229,2023-01-07,37,Male,NY
CUST01051,2022-01-11,45,Other,NY
CUST00735,2024-02-26,43,Female,NY
CUST01278,2024-05-31,46,Female,CO
CUST00146,2022-09-10,70,Male,FL
CUST01473,2022-01-16,42,Male,OH
CUST01032,2023-11-16,23,Female,NC
CUST02439,2022-08-18,41,Other,CO
CUST01009,2023-09-23,63,Other,MA
CUST01630,2022-04-10,47,Female,FL
CUST02401,2022-09-14,65,Male,OH
CUST00283,2023-08-26,42,Male,AZ
CUST02186,2022-11-20,38,Female,CA
CUST00105,2023-10-13,39,Female,CO
CUST00944,2023-09-14,46,Female,WA
CUST02416,2024-02-21,32,Female,FL
CUST00453,2023-07-31,30,Other,AZ
CUST01981,2023-09-21,50,Male,IL
CUST01209,2023-02-23,52,Male,FL
CUST02864,2023-10-20,32,Other,MI
CUST00816,2022-05-22,21,Other,MI
CUST00093,2023-01-09,51,Other,IL
CUST01136,2024-06-08,57,Female,CA
CUST01151,2024-06-01,22,Female,NY
CUST01256,2023-12-07,47,Female,PA
CUST01459,2023-05-23,61,Male,AZ
CUST02066,2022-07-29,27,Female,IL
CUST00643,2023-12-27,33,Female,CO
CUST01273,2022-01-27,70,Female,AZ
CUST01279,2023-08-13,52,Female,NY
CUST01608,2024-05-02,69,Other,VA
CUST00788,2022-06-12,55,Other,MA
CUST01429,2022-12-07,23,Other,CA
CUST01653,2023-01-10,64,Female,MA
CUST01831,2023-03-08,30,Other,CO
CUST02573,2022-07-24,33,Male,CA
CUST02490,2023-05-27,62,Other,CA
CUST01470,2022-04-13,48,Male,GA
CUST00072,2024-06-01,62,Male,MI
CUST01476,2023-02-24,69,Male,CO
CUST02274,2022-10-18,47,Other,CA
CUST00092,2024-05-04,26,Female,MA
CUST00503,2023-06-02,60,Female,WA
CUST02651,2023-11-19,57,Other,NC
CUST01077,2023-11-11,48,Other,NY
CUST02956,2023-03-18,54,Other,IL
CUST00270,2023-01-18,50,Male,GA
CUST01376,2023-04-18,55,Male,VA
CUST01637,2022-02-04,60,Other,VA
CUST00779,2023-03-30,35,Other,AZ
CUST01665,2024-06-10,39,Female,CA
CUST00983,2023-03-15,61,Other,MI
CUST02259,2024-03-04,60,Male,IL
CUST01181,2023-01-25,63,Female,FL
CUST02572,2024-03-21,66,Other,NC
CUST02585,2023-10-25,19,Other,NC
CUST01128,2022-10-08,29,Other,WA
CUST00296,2023-06-11,41,Female,OH
CUST00192,2022-12-15,26,Female,VA
CUST02448,2022-05-30,50,Female,GA
CUST01606,2024-02-03,50,Male,MA
CUST00123,2022-02-27,32,Other,FL
CUST01698,2024-04-22,18,Female,MI
CUST02744,2024-03-23,51,Other,CO
CUST01158,2022-03-17,38,Other,AZ
CUST01699,2023-10-16,33,Female,MA
CUST00647,2024-04-05,61,Other,TX
CUST02074,2022-12-02,22,Other,IL
CUST02534,2022-03-11,34,Male,NY
CUST00281,2023-07-22,18,Other,NY
CUST02787,2022-12-19,21,Other,CA
CUST02908,2022-04-10,48,Other,MI
CUST00545,2024-05-31,53,Other,IL
CUST02347,2023-09-04,53,Female,AZ
CUST01582,2024-05-23,20,Male,IL
CUST00971,2022-11-05,42,Male,GA
CUST00320,2023-02-25,48,Other,MA
CUST01829,2022-05-10,32,Male,AZ
CUST02615,2024-01-15,53,Female,WA
CUST00929,2022-06-06,49,Other,AZ
CUST02521,2022-01-21,32,Female,NC
CUST01672,2024-02-12,63,Female,IL
CUST01808,2022-05-14,70,Male,WA
CUST02291,2023-11-10,66,Male,IL
CUST00825,2023-03-01,56,Female,IL
CUST00348,2022-03-19,22,Other,CA
CUST00026,2022-07-23,52,Other,MI
CUST00990,2022-01-13,31,Male,NY
CUST00941,2023-01-13,42,Male,GA
CUST00673,2023-12-15,22,Other,IL
CUST01245,2022-06-19,68,Female,IL
CUST02773,2023-02-25,20,Female,WA
CUST01148,2022-07-08,63,Female,MI
CUST01628,2022-05-21,45,Female,FL
CUST01353,2023-07-17,49,Other,FL
CUST01901,2022-08-09,41,Other,OH
CUST01022,2022-09-09,44,Male,VA
CUST00395,2024-01-24,20,Male,CO
CUST02658,2023-11-27,42,Other,PA
CUST01117,2024-05-02,29,Female,TX
CUST01112,2024-02-18,69,Male,OH
CUST00198,2022-01-04,48,Other,MA
CUST02888,2024-01-06,59,Female,TX
CUST02589,2024-06-01,34,Female,PA
CUST02897,2023-06-12,41,Female,PA
CUST00335,2022-04-22,31,Other,IL
CUST00226,2023-05-16,36,Male,TX
CUST02496,2023-08-12,28,Female,NC
CUST00500,2023-10-12,33,Female,PA
CUST01885,2023-04-10,33,Male,PA
CUST02300,2023-10-21,52,Male,NY
CUST02765,2022-03-30,55,Female,GA
CUST01883,2023-06-28,65,Female,OH
CUST00787,2023-04-02,31,Female,NY
CUST00515,2022-12-08,61,Male,MI
CUST00759,2022-06-30,28,Other,NC
CUST02619,2023-09-09,48,Male,CO
CUST01443,2024-05-26,62,Female,TX
CUST01065,2023-12-30,46,Male,AZ
CUST02431,2022-02-24,46,Other,MA
CUST02625,2022-04-16,53,Other,TX
CUST01976,2024-05-15,52,Other,OH
CUST00886,2023-10-21,40,Male,NY
CUST02580,2023-07-11,60,Female,NY
CUST00459,2022-09-29,60,Other,PA
CUST00940,2024-02-25,57,Other,WA
CUST02135,2024-02-03,40,Female,NY
CUST02722,2024-01-01,64,Other,NY
CUST01497,2022-11-21,28,Other,PA
CUST00562,2024-06-04,64,Other,CO
CUST00210,2022-11-02,59,Other,OH
CUST02670,2022-08-30,27,Other,FL
CUST02668,2022-05-10,54,Male,MA
CUST01766,2022-03-04,18,Female,CA
CUST01419,2023-08-25,47,Male,OH
CUST00894,2023-01-24,18,Other,CO
CUST01823,2023-08-26,62,Other,GA
CUST00723,2023-11-20,33,Other,NY
CUST02639,2023-04-03,39,Male,WA
CUST02802,2024-05-01,58,Other,NC
CUST00170,2023-11-28,26,Other,CO
CUST00030,2023-07-13,37,Other,GA
CUST00132,2022-08-05,38,Female,NC
CUST00528,2022-04-25,44,Female,WA
CUST00823,2022-08-08,67,Female,CO
CUST02003,2023-08-03,24,Other,OH
CUST01648,2022-07-25,40,Other,NY
CUST01336,2024-06-09,66,Other,MI
CUST01080,2023-04-30,44,Female,GA
CUST00812,2022-12-10,23,Other,PA
CUST01707,2023-07-29,53,Female,MI
CUST00837,2023-08-22,53,Female,FL
CUST01108,2023-05-11,39,Female,NY
CUST02595,2022-10-07,55,Other,NC
CUST02827,2022-04-06,56,Female,PA
CUST00750,2023-12-06,43,Other,CA
CUST00879,2022-01-28,53,Female,CO
CUST00727,2022-07-23,34,Other,NY
CUST02510,2023-11-16,67,Female,AZ
CUST02206,2023-01-13,28,Other,MA
CUST01655,2023-05-29,28,Female,IL
CUST02715,2022-07-24,66,Female,NC
CUST01816,2022-01-27,26,Female,CA
CUST02352,2024-05-01,18,Male,GA
CUST01084,2023-03-12,27,Female,PA
CUST01757,2022-08-30,67,Other,CA
CUST01564,2022-10-22,26,Male,WA
CUST01759,2023-01-07,30,Female,CO
CUST00246,2023-06-30,25,Female,WA
CUST02398,2023-09-12,62,Male,WA
CUST02196,2023-08-29,53,Other,MA
CUST00232,2024-04-06,24,Male,NY
CUST02245,2022-02-10,24,Female,MI
CUST00765,2023-07-25,39,Other,CO
CUST02756,2023-01-05,43,Male,VA
CUST02530,2024-02-05,45,Male,VA
CUST00167,2023-10-05,53,Female,CA
CUST02444,2024-01-02,28,Male,GA
CUST02039,2023-03-11,49,Male,NC
CUST01988,2024-04-29,56,Other,MI
CUST01122,2022-07-03,45,Other,OH
CUST02511,2022-03-29,67,Male,OH
CUST01328,2022-04-29,36,Other,CA
CUST00148,2023-07-29,67,Other,WA
CUST01721,2022-05-24,22,Other,CO
CUST01386,2022-10-07,40,Male,MA
CUST00436,2023-11-17,66,Female,MI
CUST02328,2022-06-08,20,Female,IL
CUST01185,2024-05-30,55,Female,MA
CUST01365,2023-12-28,67,Female,NC
CUST02210,2023-10-23,21,Other,NC
CUST01044,2022-09-22,59,Male,OH
CUST01169,2022-09-12,42,Other,FL
CUST01435,2022-11-26,60,Male,AZ
CUST00412,2022-07-10,64,Female,AZ
CUST00342,2023-03-09,23,Male,CO
CUST01072,2022-08-15,62,Female,GA
CUST01597,2022-10-09,58,Female,NC
CUST00171,2023-03-09,24,Other,MI
CUST01388,2024-05-04,68,Male,CO
CUST00042,2023-12-16,64,Other,IL
CUST00310,2023-04-30,37,Other,FL
CUST01392,2023-04-13,45,Other,OH
CUST02893,2023-02-13,57,Female,GA
CUST02008,2024-01-29,52,Male,IL
CUST01097,2022-07-17,64,Other,AZ
CUST01024,2022-03-30,20,Male,MA
CUST01259,2023-02-17,67,Female,WA
CUST00032,2022-08-14,70,Other,CO
CUST00257,2023-09-14,39,Female,NY
CUST02360,2022-02-14,25,Female,CO
CUST00748,2022-06-01,20,Female,NC
CUST00784,2023-03-13,29,Female,MA
CUST02246,2022-09-11,19,Male,NY
CUST02216,2023-06-04,62,Other,NY
CUST01866,2023-03-31,27,Other,IL
CUST01996,2022-11-13,48,Female,VA
CUST01439,2022-09-02,43,Female,CO
CUST02880,2023-05-11,65,Female,GA
CUST00442,2022-05-15,52,Male,VA
CUST01565,2023-11-25,42,Other,MA
CUST00193,2022-04-25,18,Male,VA
CUST02714,2023-05-18,38,Other,MA
CUST01113,2023-06-22,28,Female,AZ
CUST00120,2024-05-13,35,Female,CA
CUST00109,2022-09-08,67,Other,PA
CUST01730,2022-05-19,69,Female,OH
CUST01352,2022-10-01,43,Other,GA
CUST01253,2023-03-26,36,Other,MA
CUST00978,2023-08-03,54,Other,MI
CUST02929,2023-05-26,57,Other,VA
CUST01418,2024-05-07,46,Female,MI
CUST00044,2022-12-15,58,Female,AZ
CUST00118,2023-12-03,30,Female,CA
CUST00327,2023-10-24,62,Female,NY
CUST00428,2023-03-06,29,Other,MI
CUST00485,2022-05-18,21,Female,AZ
CUST02851,2022-09-29,54,Other,WA
CUST02945,2023-05-22,34,Female,OH
CUST02847,2022-02-16,18,Other,MI
CUST01906,2022-12-14,55,Other,OH
CUST02492,2023-07-03,36,Male,CA
CUST02539,2023-10-06,51,Other,OH
CUST01364,2022-09-03,68,Female,NC
CUST01867,2022-03-17,23,Other,PA
CUST01934,2023-07-24,61,Male,TX
CUST02845,2022-01-30,33,Male,MA
CUST02180,2023-10-21,46,Male,GA
CUST02916,2024-06-05,62,Other,AZ
CUST00880,2023-02-08,53,Other,OH
CUST00022,2023-06-02,55,Other,TX
CUST00114,2023-10-18,62,Female,GA
CUST00480,2023-07-22,32,Female,NC
CUST02007,2022-05-26,35,Male,MI
CUST00730,2022-02-17,35,Other,AZ
CUST00256,2024-06-12,65,Male,CA
CUST00598,2024-06-11,33,Female,AZ
CUST01089,2023-12-21,68,Female,MI
CUST02543,2024-01-23,55,Male,WA
CUST00003,2022-01-26,26,Male,FL
CUST00452,2023-09-29,35,Other,CA
CUST01374,2024-05-11,49,Male,GA
CUST01041,2022-08-06,57,Other,PA
CUST01235,2022-04-28,61,Other,GA
CUST01991,2022-01-30,69,Male,GA
CUST01422,2023-05-17,30,Male,PA
CUST00702,2023-03-29,53,Other,NY
CUST01407,2024-05-24,61,Male,MI
CUST01038,2022-11-29,40,Female,NY
CUST02669,2022-03-10,47,Female,CA
CUST01503,2023-07-09,65,Other,PA
CUST00890,2023-04-18,56,Female,VA
CUST00195,2023-03-22,28,Other,TX
CUST00594,2022-12-25,56,Male,VA
CUST02968,2023-07-30,64,Other,CA
CUST00869,2023-11-27,46,Male,OH
CUST01000,2023-04-16,61,Female,CA
CUST02805,2022-06-06,44,Female,PA
CUST01432,2023-07-11,34,Female,PA
CUST01147,2022-12-15,66,Other,FL
CUST02675,2023-01-28,23,Female,IL
CUST00360,2022-04-06,51,Male,FL
CUST01946,2024-02-08,57,Male,GA
CUST02781,2023-10-20,56,Other,OH
CUST02120,2023-12-08,29,Other,GA
CUST00520,2022-06-15,40,Female,NY
CUST01237,2022-08-19,44,Male,AZ
CUST00911,2022-01-20,37,Male,CO
CUST02481,2022-09-02,29,Male,MI
CUST01217,2022-10-23,26,Other,GA
CUST02356,2024-04-08,55,Male,MI
CUST02832,2023-08-18,30,Female,TX
CUST01358,2023-05-12,58,Male,NC
CUST01069,2022-01-18,67,Female,MA
CUST00751,2022-01-06,42,Male,WA
CUST01018,2023-08-30,43,Male,PA
CUST02561,2022-07-06,58,Female,FL
CUST02811,2022-08-19,57,Female,CO
CUST00369,2024-06-04,50,Male,WA
CUST00685,2023-08-06,27,Other,MI
CUST01050,2023-07-24,68,Female,FL
CUST00885,2022-03-27,23,Other,TX
CUST00496,2024-01-05,67,Male,AZ
CUST01739,2023-08-25,38,Male,TX
CUST00564,2024-03-30,21,Other,PA
CUST01864,2023-05-18,31,Male,FL
CUST02834,2022-06-25,63,Male,MA
CUST01735,2024-01-31,47,Male,GA
CUST02131,2022-03-22,39,Male,VA
CUST02163,2022-06-06,44,Other,WA
CUST00901,2024-06-19,53,Other,WA
CUST02179,2023-08-02,28,Male,WA
CUST01492,2024-05-22,51,Female,GA
CUST01834,2024-02-03,67,Other,TX
CUST02923,2022-07-14,48,Other,GA
CUST02785,2023-11-28,59,Male,IL
CUST02221,2024-03-21,34,Other,TX
CUST02453,2023-04-29,54,Other,MI
CUST01943,2022-12-29,27,Female,MA
CUST02261,2023-11-27,23,Female,MI
CUST02298,2023-07-27,51,Female,IL
CUST00303,2022-05-16,37,Female,TX
CUST02396,2022-07-24,43,Female,PA
CUST01533,2023-03-18,36,Other,TX
CUST01623,2024-01-09,64,Female,WA
CUST00333,2024-03-30,60,Other,WA
CUST01180,2023-06-20,61,Female,AZ
CUST00939,2022-09-20,39,Female,VA
CUST02112,2023-02-19,64,Female,CO
CUST02080,2022-06-29,24,Male,NC
CUST00138,2023-11-03,35,Other,PA
CUST00275,2022-09-11,24,Other,WA
CUST00804,2022-09-02,39,Male,TX
CUST02747,2022-08-18,61,Other,NC
CUST00813,2022-11-24,50,Other,TX
CUST01731,2023-02-02,51,Female,IL
CUST02429,2022-01-28,23,Male,TX
CUST00641,2022-09-18,42,Other,TX
CUST00230,2024-06-18,54,Other,MA
CUST00746,2023-02-14,59,Male,NY
CUST01099,2022-05-03,46,Other,TX
CUST00807,2022-03-21,65,Female,OH
CUST02467,2024-05-05,41,Female,GA
CUST00206,2023-06-04,59,Other,MA
CUST02474,2022-04-24,61,Female,CA
CUST00469,2024-05-03,20,Other,CO
CUST01926,2022-04-06,54,Other,NY
CUST01450,2023-12-24,24,Other,WA
CUST02984,2022-05-02,50,Other,VA
CUST00741,2022-07-19,37,Other,MI
CUST02405,2024-06-14,19,Female,NY
CUST01782,2024-03-16,37,Other,TX
CUST00835,2023-02-03,32,Female,NC
CUST02101,2024-06-01,60,Female,FL
CUST01451,2024-04-10,18,Other,FL
CUST01282,2024-02-23,24,Male,FL
CUST02905,2023-04-06,35,Other,OH
CUST01218,2023-12-25,29,Other,TX
CUST02746,2023-06-05,45,Female,AZ
CUST00173,2022-03-07,65,Other,FL
CUST01379,2024-05-02,64,Female,GA
CUST02689,2023-06-27,28,Female,MA
CUST00719,2022-04-06,24,Other,GA
CUST01254,2022-05-08,28,Female,GA
CUST00497,2022-12-18,61,Female,OH
CUST02480,2022-02-18,46,Male,AZ
CUST02128,2023-08-27,24,Female,PA
CUST01907,2024-04-27,55,Male,VA
CUST02950,2023-04-27,61,Male,IL
CUST00599,2022-08-22,53,Male,MA
CUST01220,2023-12-21,46,Male,NY
CUST02999,2023-05-28,59,Female,VA
CUST00440,2022-09-29,61,Male,TX
CUST00525,2023-03-14,51,Other,MA
CUST01837,2023-04-05,27,Other,AZ
CUST02129,2023-02-15,49,Other,TX
CUST00932,2023-04-30,30,Female,CA
CUST01817,2022-05-15,33,Other,IL
CUST02559,2023-05-06,39,Male,NY
CUST02059,2022-11-12,39,Female,TX
CUST02077,2023-05-25,60,Other,MA
CUST01531,2023-01-03,64,Male,VA
CUST01103,2023-12-08,20,Other,AZ
CUST00600,2022-08-17,38,Male,FL
CUST01662,2024-04-05,25,Other,AZ
CUST02266,2023-10-25,41,Male,MA
CUST00792,2023-04-06,63,Male,CO
CUST00334,2024-06-01,70,Female,PA
CUST00294,2022-12-05,34,Other,IL
CUST02415,2022-03-27,24,Male,CA
CUST00481,2022-11-03,52,Male,OH
CUST01728,2022-08-29,29,Male,IL
CUST02406,2023-01-16,39,Female,NY
CUST01055,2022-09-05,34,Female,FL
CUST01523,2023-12-12,33,Other,MI
CUST01737,2023-07-08,67,Other,PA
CUST01106,2022-08-10,25,Other,FL
CUST01812,2022-06-28,54,Female,MA
CUST02132,2023-02-10,65,Female,IL
CUST00614,2023-02-14,24,Female,GA
CUST01348,2023-03-29,38,Female,NC
CUST00608,2022-03-13,37,Other,IL
CUST02097,2023-03-23,57,Female,CA
CUST02830,2022-06-22,34,Other,NC
CUST02390,2023-01-27,57,Female,AZ
CUST01397,2023-09-06,38,Female,GA
CUST00143,2022-05-27,52,Other,CA
CUST02177,2023-04-05,61,Other,VA
CUST00840,2024-05-27,29,Other,MI
CUST01061,2022-09-04,55,Other,VA
CUST01712,2022-03-06,44,Other,PA
CUST02302,2022-12-03,48,Male,CO
CUST02417,2022-06-14,26,Other,GA
CUST02505,2022-09-04,35,Male,GA
CUST02250,2023-06-21,36,Female,VA
CUST02223,2022-02-12,36,Other,VA
CUST01400,2024-06-19,53,Other,MI
CUST01337,2023-07-10,68,Other,WA
CUST01133,2023-12-16,43,Male,TX
CUST01227,2024-03-17,30,Other,AZ
CUST02737,2024-05-21,20,Other,MA
CUST00197,2023-04-10,59,Male,MI
CUST02976,2023-04-07,27,Female,VA
CUST01375,2022-04-27,38,Female,PA
CUST00141,2023-10-21,54,Other,MA
CUST02992,2023-01-10,33,Female,CO
CUST00439,2022-09-02,47,Other,FL
CUST02617,2022-03-22,36,Male,AZ
CUST00683,2022-06-28,22,Male,PA
CUST02961,2024-02-22,51,Male,CA
CUST02990,2022-12-14,49,Female,MI
CUST02079,2023-03-17,55,Other,IL
CUST00396,2023-07-10,45,Other,MI
CUST02389,2024-03-07,27,Other,MI
CUST00769,2023-04-13,20,Other,GA
CUST02167,2022-03-19,42,Male,PA
CUST01087,2022-12-05,39,Female,GA
CUST00507,2022-02-22,37,Other,WA
CUST02198,2022-12-27,39,Female,NY
CUST00343,2022-07-07,51,Female,MA
CUST01524,2022-11-03,35,Female,OH
CUST01500,2024-02-17,64,Male,MA
CUST01614,2024-04-01,58,Other,CO
CUST00332,2022-12-14,69,Male,CA
CUST02060,2022-02-16,63,Male,PA
CUST02637,2023-03-31,44,Other,TX
CUST02755,2022-01-27,69,Female,CA
CUST02218,2023-04-19,64,Male,MA
CUST00179,2022-09-15,51,Other,WA
CUST02628,2023-11-08,61,Female,MI
CUST00384,2024-03-13,37,Female,CO
CUST01404,2022-10-10,49,Male,NC
CUST02484,2024-03-23,53,Other,CO
CUST02194,2024-03-26,64,Male,AZ
CUST02540,2022-04-17,70,Female,OH
CUST02144,2022-04-27,64,Male,FL
CUST01810,2022-09-14,22,Female,CO
CUST02508,2022-07-11,50,Male,PA
CUST02932,2023-05-25,40,Female,AZ
CUST01490,2024-05-22,27,Female,TX
CUST02761,2024-04-02,26,Male,CO
CUST01612,2022-08-24,43,Male,VA
CUST00089,2022-10-12,64,Other,VA
CUST02225,2024-04-09,33,Female,NY
CUST01466,2022-04-13,25,Male,CA
CUST02801,2022-02-26,61,Male,NC
CUST00633,2022-11-18,55,Female,MA
CUST01733,2023-01-15,43,Female,MI
CUST01433,2023-01-22,23,Male,PA
CUST00530,2023-12-09,27,Female,AZ
CUST01280,2023-08-25,31,Female,TX
CUST02150,2022-12-26,33,Other,NY
CUST00140,2023-02-10,25,Female,PA
CUST00959,2023-02-11,29,Female,TX
CUST01196,2022-08-01,62,Female,GA
CUST01472,2023-04-13,32,Other,VA
CUST00019,2022-04-06,57,Female,GA
CUST00104,2023-09-16,52,Other,OH
CUST01316,2022-10-23,69,Female,GA
CUST01034,2022-12-11,67,Other,PA
CUST01580,2022-07-23,34,Male,AZ
CUST01264,2023-03-25,25,Other,GA
CUST01863,2022-04-21,20,Other,OH
CUST00199,2024-01-10,48,Male,MI
CUST00468,2023-03-25,56,Male,MI
CUST02330,2022-10-30,23,Female,TX
CUST02602,2023-03-27,63,Male,MA
CUST02614,2022-03-26,60,Female,MI
CUST02954,2024-05-17,54,Male,TX
CUST00501,2024-05-23,37,Other,IL
CUST00096,2022-12-30,38,Male,NY
CUST00827,2022-12-05,67,Other,CA
CUST00745,2023-05-22,59,Other,PA
CUST02772,2023-06-23,68,Male,MI
CUST01734,2023-11-18,22,Male,CA
CUST01966,2024-05-15,58,Male,FL
CUST01952,2023-09-07,44,Other,AZ
CUST02721,2022-06-26,58,Female,MA
CUST00526,2023-07-29,38,Female,VA
CUST01542,2022-06-24,50,Other,OH
CUST00569,2022-07-03,56,Other,PA
CUST00419,2023-02-18,42,Other,GA
CUST00797,2023-10-15,28,Other,AZ
CUST02944,2022-10-16,22,Female,VA
CUST02032,2023-09-25,40,Other,OH
CUST00276,2022-08-19,29,Other,IL
CUST01725,2023-05-20,50,Other,TX
CUST02184,2024-06-03,36,Female,MI
CUST02367,2023-09-18,66,Other,AZ
CUST02693,2023-10-28,49,Other,MA
CUST00424,2023-09-01,26,Male,PA
CUST00646,2023-06-17,59,Female,TX
CUST02002,2022-05-27,28,Other,AZ
CUST02890,2024-01-22,39,Female,OH
CUST00535,2023-01-14,52,Male,TX
CUST00815,2022-03-24,40,Female,CA
CUST01876,2023-10-11,34,Male,VA
CUST00404,2023-05-30,20,Male,FL
CUST02083,2023-06-30,38,Male,CO
CUST02581,2023-04-30,38,Female,NY
CUST00365,2023-02-21,63,Other,PA
CUST02942,2022-02-19,46,Male,TX
CUST02957,2022-05-18,32,Other,PA
CUST02159,2022-09-20,21,Female,CO
CUST00034,2023-08-27,41,Female,NY
CUST01449,2023-04-30,63,Male,CA
CUST01260,2022-10-06,67,Other,GA
CUST00690,2022-01-01,41,Other,PA
CUST02114,2022-11-29,62,Other,CA
CUST02734,2023-07-10,28,Male,CA
CUST00098,2023-11-18,48,Male,CA
CUST02241,2022-03-28,58,Male,CO
CUST02108,2023-10-18,62,Other,GA
CUST00400,2022-02-28,52,Other,PA
CUST02458,2023-12-24,21,Female,PA
CUST02523,2024-06-13,56,Male,MI
CUST02552,2023-10-21,56,Female,FL
CUST01779,2023-09-04,42,Female,CO
CUST00136,2022-11-19,68,Other,CA
CUST01162,2022-02-24,34,Male,PA
CUST01040,2023-05-15,59,Male,IL
CUST02518,2024-03-16,56,Female,PA
CUST01126,2023-07-01,43,Female,CA
CUST01666,2022-12-13,69,Female,CA
CUST02512,2023-06-21,61,Other,CA
CUST01438,2023-12-16,21,Other,MA
CUST01232,2024-04-03,59,Male,TX
CUST02355,2023-10-02,57,Female,GA
CUST02409,2023-12-30,37,Female,TX
CUST02164,2024-02-18,28,Other,WA
CUST00918,2022-03-12,35,Female,NC
CUST02778,2022-03-17,52,Male,MA
CUST01830,2024-01-30,22,Male,OH
CUST02875,2023-12-07,41,Male,MI
CUST02414,2022-10-19,61,Male,VA
CUST00269,2023-10-28,45,Male,MA
CUST01754,2022-08-11,41,Male,PA
CUST02723,2023-04-01,33,Other,OH
CUST02554,2024-04-30,37,Female,AZ
CUST02252,2023-09-17,48,Male,NC
CUST01482,2024-03-11,26,Other,MI
CUST01613,2023-09-14,55,Male,VA
CUST01620,2022-09-14,37,Other,IL
CUST00780,2023-09-20,52,Male,IL
CUST02124,2024-05-14,57,Female,AZ
CUST02786,2023-06-14,19,Female,TX
CUST01641,2022-05-15,18,Other,NC
CUST01800,2024-03-03,47,Male,FL
CUST00287,2023-12-26,35,Male,AZ
CUST01506,2022-03-12,57,Other,IL
CUST00694,2023-03-17,60,Male,AZ
CUST02598,2023-01-12,70,Other,IL
CUST02240,2024-01-02,60,Other,MA
CUST02244,2022-06-26,30,Other,WA
CUST01135,2023-10-16,65,Male,IL
CUST02017,2023-04-10,42,Male,GA
CUST00713,2022-10-18,70,Female,MA
CUST01215,2022-02-03,49,Female,PA
CUST01714,2024-04-23,38,Female,MI
CUST00793,2022-09-23,70,Male,GA
CUST02239,2022-12-18,70,Other,AZ
CUST01314,2023-12-12,70,Other,NY
CUST00077,2022-03-13,38,Male,WA
CUST02680,2023-11-27,38,Female,PA
CUST01184,2022-11-01,57,Other,CO
CUST02876,2022-03-03,69,Male,FL
CUST00775,2023-07-27,35,Female,NC
CUST00875,2023-04-24,23,Other,AZ
CUST00390,2022-07-14,18,Female,CA
CUST00731,2022-09-08,68,Other,AZ
CUST01879,2023-12-31,19,Other,NY
CUST01109,2022-10-11,59,Male,FL
CUST01780,2022-01-22,65,Male,MA
CUST01849,2024-03-13,46,Female,GA
CUST01572,2022-11-03,66,Other,NC
CUST00251,2023-05-02,59,Male,CA
CUST01975,2023-03-16,48,Female,NY
CUST00238,2023-08-04,51,Other,FL
CUST00312,2023-02-21,25,Male,MA
CUST01370,2023-07-20,35,Male,CO
CUST00433,2022-11-20,64,Other,MI
CUST02463,2022-03-23,41,Male,AZ
CUST02633,2024-01-05,40,Male,VA
CUST01176,2024-03-20,47,Other,MA
CUST02752,2022-08-31,66,Other,PA
CUST01043,2024-03-27,54,Female,GA
CUST01738,2023-03-06,37,Other,AZ
CUST00097,2022-08-03,60,Female,NC
CUST02532,2023-01-01,40,Other,WA
CUST02850,2023-08-14,25,Male,CO
CUST00627,2022-04-22,65,Other,GA
CUST02571,2022-02-14,51,Female,FL
CUST01797,2024-06-09,44,Other,CO
CUST02702,2023-02-01,45,Male,GA
CUST00414,2023-09-02,44,Male,CA
CUST01776,2022-08-06,18,Male,WA
CUST00757,2023-03-12,18,Other,NC
CUST00285,2022-01-08,46,Female,MI
CUST02699,2022-07-10,57,Female,CO
CUST00540,2022-05-11,63,Male,NC
CUST02311,2022-04-06,50,Male,NC
CUST00866,2023-02-03,23,Female,CO
CUST00035,2022-10-12,39,Female,WA
CUST02258,2023-02-23,49,Male,GA
CUST02102,2022-11-17,55,Male,NY
CUST01062,2023-12-09,62,Female,NC
CUST01927,2023-03-19,45,Female,CA
CUST01903,2023-04-08,58,Female,NY
CUST01658,2022-06-18,65,Other,NY
CUST00429,2023-11-05,52,Female,NY
CUST00262,2024-01-18,66,Male,MI
CUST01947,2023-03-10,57,Male,VA
CUST02892,2022-12-20,46,Other,NY
CUST00785,2024-04-30,38,Male,MI
CUST00352,2024-05-26,53,Male,NY
CUST00124,2022-08-23,37,Male,GA
CUST02359,2023-03-25,44,Other,PA
CUST02268,2022-03-09,41,Male,MI
CUST01722,2022-02-16,54,Other,OH
CUST02391,2023-05-30,56,Male,GA
CUST00563,2022-06-16,30,Female,WA
CUST01985,2022-01-27,29,Female,CO
CUST00247,2024-02-24,39,Male,MI
CUST01465,2024-06-09,70,Other,NY
CUST00623,2022-07-02,44,Female,VA
CUST00795,2022-09-11,22,Other,AZ
CUST01916,2023-11-13,69,Male,MI
CUST02611,2023-06-16,50,Male,AZ
CUST00458,2023-06-03,69,Other,FL
CUST02513,2023-01-05,18,Other,NY
CUST01303,2023-04-27,62,Female,MA
CUST02877,2022-06-11,61,Female,VA
CUST02812,2022-12-21,56,Other,MA
CUST00873,2022-06-19,24,Female,NY
CUST02500,2022-10-26,32,Male,WA
CUST01805,2022-10-11,50,Other,NY
CUST01039,2022-07-06,28,Female,NC
CUST01972,2023-08-11,68,Other,WA
CUST01423,2024-06-05,62,Other,MA
CUST01462,2023-05-30,18,Other,IL
CUST00768,2022-05-05,51,Male,NY
CUST01671,2022-05-25,34,Male,MI
CUST00200,2024-06-15,59,Female,FL
CUST01425,2023-04-03,59,Other,PA
CUST02725,2024-04-09,62,Other,OH
CUST02686,2022-03-20,31,Other,WA
CUST00913,2023-07-07,49,Female,FL
CUST01596,2023-02-10,23,Other,CA
CUST01268,2023-03-19,67,Female,TX
CUST01526,2022-02-17,23,Male,FL
CUST00245,2024-02-18,69,Female,VA
CUST02502,2022-01-02,32,Female,CO
CUST01571,2023-08-25,29,Other,AZ
CUST00943,2023-09-13,39,Male,WA
CUST01331,2024-06-04,50,Other,GA
CUST02666,2023-03-25,39,Male,OH
CUST00905,2024-05-01,28,Other,NY
CUST01494,2024-05-29,18,Female,AZ
CUST02616,2023-03-11,29,Other,TX
CUST01242,2022-05-26,23,Male,FL
CUST02181,2023-10-13,22,Male,GA
CUST00931,2022-05-10,57,Other,FL
CUST02591,2022-02-18,43,Male,TX
CUST01291,2023-04-27,40,Male,OH
CUST00391,2022-10-31,65,Female,CO
CUST01343,2023-01-06,62,Male,TX
CUST01836,2023-05-03,24,Male,NY
CUST01179,2024-03-05,70,Other,FL
CUST02334,2023-06-04,70,Female,TX
CUST00504,2023-05-16,51,Other,TX
CUST00265,2024-01-01,57,Male,OH
CUST01505,2023-09-25,44,Female,MI
CUST00776,2023-09-02,20,Other,NC
CUST00712,2022-03-28,50,Female,IL
CUST02743,2022-06-28,56,Other,OH
CUST01838,2024-03-07,24,Male,IL
CUST01014,2023-04-22,46,Female,MI
CUST02660,2022-02-01,37,Male,VA
CUST01421,2023-11-07,45,Other,WA
CUST02550,2022-12-13,59,Other,NY
CUST01873,2022-05-10,21,Male,NC
CUST00211,2024-05-11,54,Female,PA
CUST00849,2023-02-04,69,Male,AZ
CUST01015,2023-03-23,56,Male,MA
CUST00182,2022-01-12,32,Female,IL
CUST02610,2024-03-27,40,Female,VA
CUST00121,2024-02-26,53,Female,AZ
CUST00489,2024-01-31,32,Other,GA
CUST02037,2023-03-30,30,Female,NY
CUST01480,2022-03-18,41,Female,AZ
CUST02742,2023-10-16,51,Male,OH
CUST01692,2023-11-20,25,Male,NC
CUST01618,2022-07-14,59,Other,VA
CUST01483,2022-09-29,42,Male,CA
CUST01116,2022-04-13,51,Female,TX
CUST00137,2022-08-06,64,Female,CA
CUST00473,2023-09-19,63,Female,CA
CUST02831,2023-08-30,51,Female,PA
CUST00031,2023-03-06,48,Male,CA
CUST01371,2023-02-22,62,Male,CO
CUST00063,2023-07-04,57,Male,NC
CUST02284,2023-08-20,24,Other,CO
CUST00446,2023-04-14,70,Female,FL
CUST01276,2023-11-22,66,Other,AZ
CUST00738,2023-03-01,33,Male,TX
CUST01922,2022-03-10,20,Other,FL
CUST01302,2022-04-04,55,Female,MA
CUST02263,2022-02-23,52,Other,TX
CUST01635,2024-03-18,60,Male,FL
CUST00532,2023-07-13,42,Female,CA
CUST00298,2022-10-13,33,Female,NC
CUST00546,2022-02-10,44,Male,AZ
CUST02913,2023-09-23,28,Female,AZ
CUST02427,2023-04-07,56,Female,NC
CUST01964,2022-04-21,51,Female,OH
CUST02503,2023-09-22,61,Other,GA
CUST01697,2023-01-26,20,Male,VA
CUST01802,2024-03-18,23,Female,FL
CUST02724,2022-03-31,32,Female,CA
CUST02740,2023-12-28,47,Female,NC
CUST00902,2023-01-24,33,Male,CO
CUST01634,2022-11-13,37,Male,CA
CUST02565,2024-01-04,59,Female,TX
CUST02525,2022-02-14,37,Other,WA
CUST00800,2024-03-07,54,Other,CA
CUST02272,2023-11-26,34,Other,OH
CUST00421,2023-08-07,61,Female,OH
CUST00078,2022-02-16,44,Female,IL
CUST00216,2022-06-06,20,Other,NY
CUST01134,2022-05-10,19,Male,CO
CUST02292,2023-02-06,55,Other,GA
CUST01511,2022-08-21,24,Male,WA
CUST00153,2023-03-15,36,Other,VA
CUST01270,2022-11-27,70,Other,NY
CUST01955,2022-04-17,21,Male,VA
CUST00460,2022-05-16,44,Male,OH
CUST01795,2022-08-10,32,Other,IL
CUST01137,2024-02-10,30,Female,TX
CUST02579,2024-04-14,43,Other,WA
CUST00896,2022-08-05,44,Male,MA
CUST00289,2022-03-02,37,Other,MI
CUST02792,2023-07-19,42,Female,AZ
CUST02088,2024-05-03,68,Other,MA
CUST00163,2022-02-18,30,Other,AZ
CUST01889,2022-04-12,69,Female,AZ
CUST02682,2023-01-15,21,Other,MA
CUST01633,2022-02-10,21,Female,FL
CUST02570,2022-07-26,27,Male,FL
CUST01687,2022-09-28,67,Other,NY
CUST02155,2022-06-01,68,Other,MA
CUST02363,2023-11-24,27,Other,NY
CUST00856,2023-07-14,42,Other,IL
CUST01568,2022-03-17,41,Other,CO
CUST02948,2023-11-01,18,Female,PA
CUST02248,2023-03-25,28,Female,WA
CUST01566,2023-07-14,54,Other,NC
CUST00668,2022-11-13,52,Female,OH
CUST02375,2022-09-02,52,Other,CA
CUST02231,2023-05-03,49,Male,MA
CUST01405,2024-03-02,68,Other,WA
CUST01210,2023-04-07,62,Male,NC
CUST00987,2023-06-03,64,Female,GA
CUST00478,2023-11-15,43,Other,CA
CUST02563,2022-05-19,35,Male,MI
CUST02704,2022-05-01,45,Other,NC
CUST01869,2022-11-26,33,Female,TX
CUST02215,2023-09-01,44,Male,IL
CUST00036,2024-04-08,61,Female,WA
CUST01670,2022-03-19,22,Other,PA
CUST01037,2024-05-21,60,Other,CA
CUST00005,2022-10-09,39,Female,OH
CUST02265,2023-10-09,29,Other,OH
CUST01249,2024-02-06,20,Other,VA
CUST00648,2023-07-06,39,Male,NY
CUST00402,2023-08-22,22,Other,GA
CUST01132,2022-10-27,45,Other,GA
CUST01413,2024-04-20,68,Male,NC
CUST01305,2023-02-23,63,Female,OH
CUST02423,2023-03-24,38,Female,VA
CUST00386,2023-11-09,19,Female,TX
CUST00846,2022-12-27,67,Female,PA
CUST00221,2024-03-08,43,Female,MA
CUST00378,2024-03-14,54,Male,FL
CUST02578,2023-02-12,56,Female,PA
CUST02592,2024-06-05,42,Female,MI
CUST01272,2022-09-14,52,Other,OH
CUST01756,2023-04-01,49,Male,IL
CUST01764,2023-10-23,33,Male,WA
CUST00860,2023-05-15,27,Male,GA
CUST00311,2024-04-06,62,Other,GA
CUST01555,2023-04-18,33,Male,NC
CUST02313,2023-11-18,51,Male,CO
CUST02770,2024-01-07,63,Other,MI
CUST02674,2023-01-06,67,Other,PA
CUST02590,2024-03-10,44,Female,OH
CUST01956,2023-08-15,23,Female,VA
CUST00368,2022-08-07,23,Other,AZ
CUST00732,2023-05-02,43,Male,CO
CUST01023,2024-04-30,52,Male,WA
CUST02839,2022-12-12,53,Other,MI
CUST00965,2024-04-30,58,Female,MI
CUST01208,2022-01-03,58,Male,OH
CUST02690,2023-01-11,54,Female,MA
CUST01206,2022-03-18,29,Female,PA
CUST01493,2023-11-22,54,Other,TX
CUST02667,2022-02-05,44,Female,MA
CUST00952,2022-04-21,37,Male,WA
CUST02753,2024-03-20,30,Female,CO
CUST02087,2023-07-27,45,Female,GA
CUST00363,2022-08-31,61,Other,MI
CUST00371,2022-03-02,69,Female,PA
CUST00726,2024-04-05,51,Other,IL
CUST00079,2023-11-09,27,Male,OH
CUST02991,2023-07-26,38,Male,GA
CUST00272,2023-06-14,23,Female,NY
CUST01690,2023-04-11,61,Other,MI
CUST00415,2022-03-11,41,Female,IL
CUST00839,2022-01-21,45,Female,PA
CUST01586,2023-01-26,50,Female,MA
CUST02327,2022-05-21,26,Female,PA
CUST00043,2023-03-09,62,Other,NY
CUST02646,2022-10-09,48,Other,AZ
CUST00777,2022-11-21,22,Other,PA
CUST01663,2022-10-30,67,Other,GA
CUST01200,2023-11-08,44,Female,NY
CUST01752,2023-12-08,33,Other,GA
CUST02969,2022-07-19,33,Other,CO
CUST01768,2022-10-10,19,Female,CO
CUST01293,2023-10-30,23,Other,GA
CUST01755,2023-03-31,55,Male,VA
CUST02620,2024-04-22,26,Female,GA
CUST01723,2022-02-08,41,Female,FL
CUST02470,2024-01-15,50,Male,MI
CUST02236,2022-04-16,45,Other,GA
CUST00549,2023-11-30,51,Male,MI
CUST00328,2022-04-11,53,Female,NY
CUST01408,2023-03-01,66,Female,GA
CUST01361,2023-10-08,46,Male,PA
CUST02910,2022-10-25,44,Female,WA
CUST00539,2023-03-17,37,Female,PA
CUST00201,2024-01-07,30,Female,TX
CUST01787,2023-08-02,44,Female,GA
CUST00006,2022-09-08,69,Other,NY
CUST00645,2022-01-02,53,Female,IL
CUST00640,2022-07-14,32,Male,TX
CUST02068,2022-08-05,63,Female,PA
CUST00065,2023-01-23,42,Male,CA
CUST01194,2022-04-12,29,Female,VA
CUST02664,2023-11-26,26,Other,FL
CUST01155,2022-03-08,52,Other,TX
CUST01859,2024-05-17,70,Female,MA
CUST02430,2023-03-01,30,Male,IL
CUST02139,2024-03-08,23,Male,IL
CUST02483,2023-10-17,55,Female,WA
CUST00733,2023-09-18,23,Male,WA
CUST02162,2023-09-09,64,Female,IL
CUST02953,2022-01-09,65,Other,NY
CUST01651,2023-07-07,68,Female,CA
CUST00927,2022-01-21,64,Other,GA
CUST02122,2022-04-01,38,Female,TX
CUST00091,2023-10-13,63,Female,MA
CUST00862,2022-10-07,42,Other,NC
CUST00237,2024-06-18,52,Female,GA
CUST02091,2022-12-29,59,Female,VA
CUST01321,2023-07-18,35,Other,GA
CUST00947,2022-04-28,70,Other,OH
CUST02800,2024-06-08,62,Male,TX
CUST01951,2022-10-22,49,Other,FL
CUST01461,2022-05-10,18,Male,VA
CUST02536,2022-09-04,47,Female,IL
CUST01924,2024-05-01,21,Male,AZ
CUST01821,2024-03-18,69,Male,MA
CUST00208,2024-06-10,67,Other,AZ
CUST00377,2024-03-13,47,Male,TX
CUST02147,2022-07-18,18,Other,NC
CUST01793,2022-08-01,23,Other,CO
CUST02993,2024-02-13,39,Female,PA
CUST02460,2023-04-05,20,Male,TX
CUST02440,2022-01-29,70,Other,NY
CUST02293,2022-05-13,32,Other,OH
CUST02564,2022-03-06,34,Female,GA
CUST00961,2022-07-23,38,Other,AZ
CUST01214,2022-10-26,28,Other,MA
CUST00131,2022-03-09,49,Male,GA
CUST01474,2024-01-10,23,Male,MI
CUST00067,2023-07-20,70,Male,AZ
CUST01261,2023-05-28,49,Female,WA
CUST02588,2023-01-01,36,Male,TX
CUST01950,2022-02-22,36,Other,TX
CUST00069,2024-04-29,33,Other,MA
CUST00346,2022-09-13,63,Male,TX
CUST02607,2023-12-10,68,Other,IL
CUST01517,2023-10-11,42,Female,NC
CUST00801,2023-06-18,42,Male,NY
CUST00662,2023-11-11,28,Female,WA
CUST00017,2022-02-02,28,Male,TX
CUST01020,2022-11-27,50,Female,PA
CUST02605,2022-07-11,52,Other,CO
CUST00786,2023-07-16,19,Male,WA
CUST01469,2023-03-27,26,Other,CA
CUST02151,2024-01-15,62,Other,OH
CUST02854,2024-02-25,27,Male,VA
CUST00848,2024-02-11,36,Male,NY
CUST00967,2022-09-06,54,Female,VA
CUST00231,2024-05-01,56,Female,OH
CUST00854,2024-02-05,35,Other,PA
CUST01980,2023-09-29,54,Female,IL
CUST02024,2024-03-06,69,Male,AZ
CUST01938,2023-07-30,31,Male,TX
CUST01918,2023-01-19,23,Female,FL
CUST01846,2023-09-22,40,Male,NC
CUST01417,2022-11-02,28,Female,GA
CUST01056,2024-01-08,32,Other,MA
CUST00493,2022-10-16,38,Female,MA
CUST02501,2023-03-16,59,Male,OH
CUST00252,2023-07-17,34,Other,CO
CUST02343,2024-06-16,23,Other,CA
CUST02092,2022-03-15,38,Other,CO
CUST01896,2024-06-17,32,Other,PA
CUST02469,2023-07-16,47,Other,MI
CUST01118,2022-07-18,53,Male,CA
CUST00519,2022-09-26,21,Other,MA
CUST02542,2023-08-19,43,Male,WA
CUST01874,2022-10-09,61,Female,AZ
CUST01744,2023-11-02,41,Female,WA
CUST01460,2022-02-07,46,Female,TX
CUST00832,2022-07-31,68,Other,WA
CUST00457,2022-08-07,20,Female,FL
CUST00039,2024-02-17,55,Female,CA
CUST01250,2024-04-24,35,Male,TX
CUST02978,2023-07-18,53,Other,GA
CUST02452,2024-04-29,51,Other,IL
CUST01329,2024-03-02,54,Male,VA
CUST00565,2024-04-10,35,Male,CO
CUST01333,2024-04-24,70,Other,CA
CUST01440,2023-08-09,58,Female,WA
CUST00001,2023-10-17,20,Female,GA
CUST02176,2023-08-17,66,Female,GA
CUST01909,2023-02-13,70,Male,MI
CUST00010,2022-04-15,27,Female,NY
CUST00756,2024-03-08,58,Female,GA
CUST02418,2022-10-07,37,Male,WA
CUST01183,2023-03-30,37,Other,NY
CUST01882,2023-09-04,53,Male,WA
CUST00071,2023-09-26,54,Female,TX
CUST02115,2022-06-25,54,Other,GA
CUST00928,2023-09-29,58,Female,NC
CUST01067,2023-04-04,43,Other,AZ
CUST00814,2023-07-08,65,Female,PA
CUST00061,2024-01-18,58,Female,MA
CUST01130,2022-02-25,58,Female,MI
CUST01292,2023-06-16,70,Male,AZ
CUST01949,2024-01-09,59,Female,GA
CUST01794,2023-08-24,20,Male,IL
CUST00975,2024-04-04,43,Other,PA
CUST02745,2023-01-06,39,Female,WA
CUST02451,2022-10-21,67,Male,FL
CUST01092,2022-11-10,48,Female,PA
CUST02335,2024-02-29,58,Male,AZ
CUST01643,2022-10-30,26,Other,OH
CUST02339,2023-06-24,38,Female,MA
CUST01334,2022-01-02,24,Female,NY
CUST02479,2022-05-05,56,Other,MI
CUST02035,2022-03-25,27,Female,WA
CUST00850,2024-05-23,33,Male,VA
CUST02855,2023-08-09,23,Male,MI
CUST01380,2022-06-07,23,Female,CA
CUST00821,2022-06-06,39,Female,FL
CUST01942,2023-02-25,46,Male,OH
CUST02736,2022-11-04,70,Female,AZ
CUST02205,2022-02-28,59,Male,PA
CUST01562,2024-04-03,41,Male,NC
CUST02549,2023-07-14,53,Male,VA
CUST00406,2023-06-28,44,Male,PA
CUST00085,2022-08-27,67,Female,NC
CUST02168,2022-07-01,40,Male,MI
CUST01059,2023-07-23,51,Male,MI
CUST00263,2023-12-08,30,Other,CO
CUST01774,2022-04-04,18,Other,OH
CUST02777,2023-08-12,67,Other,CO
CUST00517,2022-05-14,53,Other,GA
CUST01845,2022-08-15,52,Other,VA
CUST02547,2022-02-15,60,Female,GA
CUST00012,2024-01-29,50,Male,MA
CUST01377,2022-05-01,18,Female,OH
CUST00930,2022-09-02,56,Other,GA
CUST01857,2022-03-04,61,Other,WA
CUST02410,2024-05-16,37,Male,VA
CUST02872,2022-11-01,29,Other,TX
